team_year,year,team,conference,seed,overall,offense,defense,tier,finish
2015 Kentucky,2015,Kentucky,SEC,1,10,7.39,8.79,S,Final Four
2019 Virginia,2019,Virginia,ACC,1,9.78,8.08,7.49,S,Champion
2019 Gonzaga,2019,Gonzaga,WCC,1,9.59,8.59,6.5,S,Elite Eight
2021 Gonzaga,2021,Gonzaga,WCC,1,9.58,8.9,6.4,S,Runner Up
2008 Kansas,2008,Kansas,Big 12,1,9.52,7.85,7.5,S,Champion
2018 Villanova,2018,Villanova,Big East,1,9.46,9.2,5.64,S,Champion
2015 Wisconsin,2015,Wisconsin,Big 10,1,9.45,8.25,6.82,S,Runner Up
2010 Duke,2010,Duke,ACC,1,9.44,7.65,7.3,S,Champion
2011 Ohio St.,2011,Ohio St.,Big 10,1,9.39,7.99,6.96,S,Sweet 16
2024 Houston,2024,Houston,Big 12,1,9.34,6.61,8.66,A,Sweet 16
2010 Kansas,2010,Kansas,Big 12,1,9.31,7.84,6.96,S,Second Round
2013 Florida,2013,Florida,SEC,3,9.29,6.59,8.4,B,Elite Eight
2019 Duke,2019,Duke,ACC,1,9.29,7.41,7.39,S,Elite Eight
2015 Duke,2015,Duke,ACC,1,9.28,8.94,5.62,S,Champion
2022 Gonzaga,2022,Gonzaga,WCC,1,9.25,7.95,6.8,S,Sweet 16
2017 Gonzaga,2017,Gonzaga,WCC,1,9.23,7.46,7.3,S,Runner Up
2013 Louisville,2013,Louisville,Big East,1,9.2,6.55,8.24,S,Champion
2018 Virginia,2018,Virginia,ACC,1,9.15,6.24,8.56,S,First Round
2012 Kentucky,2012,Kentucky,SEC,1,9.11,7.64,6.89,S,Champion
2009 North Carolina,2009,North Carolina,ACC,1,9.09,9.31,4.79,S,Champion
2017 Villanova,2017,Villanova,Big East,1,9.07,7.95,6.4,S,Second Round
2015 Arizona,2015,Arizona,Pac 12,2,9.06,7.02,7.46,S,Elite Eight
2021 Baylor,2021,Baylor,Big 12,1,9.04,8.38,5.84,S,Champion
2014 Louisville,2014,Louisville,AAC,4,9.04,7.29,7.17,S,Sweet 16
2013 Indiana,2013,Indiana,Big 10,1,9.03,8.25,6.11,S,Sweet 16
2012 Ohio St.,2012,Ohio St.,Big 10,2,9.03,7,7.45,S,Final Four
2019 Michigan St.,2019,Michigan St.,Big 10,2,9.01,7.55,6.68,S,Final Four
2015 Virginia,2015,Virginia,ACC,2,9,5.2,9.51,S,Second Round
2023 Houston,2023,Houston,AAC,1,8.99,6.99,7.3,S,Sweet 16
2015 Villanova,2015,Villanova,Big East,1,8.93,7.66,6.5,S,Second Round
2018 Duke,2018,Duke,ACC,2,8.89,8.06,5.99,S,Elite Eight
2011 Kansas,2011,Kansas,Big 12,1,8.89,7.79,6.32,S,Elite Eight
2008 North Carolina,2008,North Carolina,ACC,1,8.89,8.88,4.98,S,Final Four
2008 UCLA,2008,UCLA,Pac 12,1,8.87,6.64,7.58,S,Final Four
2008 Memphis,2008,Memphis,CUSA,1,8.86,6.71,7.56,S,Runner Up
2011 Duke,2011,Duke,ACC,1,8.82,7.7,6.29,S,Sweet 16
2016 Villanova,2016,Villanova,Big East,2,8.77,6.91,7.03,S,Champion
2016 Kansas,2016,Kansas,Big 12,1,8.76,7.65,6.24,S,Elite Eight
2017 North Carolina,2017,North Carolina,ACC,1,8.76,7.73,6.13,S,Champion
2019 North Carolina,2019,North Carolina,ACC,1,8.76,7.35,6.53,S,Sweet 16
2022 Houston,2022,Houston,AAC,5,8.75,6.93,6.95,S,Elite Eight
2009 Memphis,2009,Memphis,CUSA,2,8.75,5.65,8.59,S,Sweet 16
2014 Florida,2014,Florida,SEC,1,8.73,5.96,8,S,Final Four
2016 Michigan St.,2016,Michigan St.,Big 10,2,8.72,7.69,6.04,S,First Round
2016 Virginia,2016,Virginia,ACC,1,8.71,6.18,7.76,S,Elite Eight
2021 Houston,2021,Houston,AAC,2,8.68,7.13,6.74,B,Final Four
2014 Arizona,2014,Arizona,Pac 12,1,8.68,5.95,8.11,S,Elite Eight
2009 Pittsburgh,2009,Pittsburgh,Big East,1,8.68,7.63,6.16,S,Elite Eight
2023 Alabama,2023,Alabama,SEC,1,8.67,6.41,7.42,S,Sweet 16
2009 Connecticut,2009,Connecticut,Big East,1,8.67,6.95,6.88,S,Final Four
2021 Illinois,2021,Illinois,Big 10,1,8.65,7.01,6.75,S,Second Round
2019 Michigan,2019,Michigan,Big 10,2,8.65,6.05,7.95,S,Sweet 16
2010 Syracuse,2010,Syracuse,Big East,1,8.65,7.53,6.13,S,Sweet 16
2021 Michigan,2021,Michigan,Big 10,1,8.64,7.07,6.66,S,Elite Eight
2016 North Carolina,2016,North Carolina,ACC,1,8.64,8.02,5.48,S,Runner Up
2018 Purdue,2018,Purdue,Big 10,2,8.64,8.07,5.59,S,Sweet 16
2019 Texas Tech,2019,Texas Tech,Big 12,3,8.6,5.64,8.16,S,Runner Up
2008 Duke,2008,Duke,ACC,2,8.59,7.56,6.05,S,Second Round
2018 Cincinnati,2018,Cincinnati,AAC,2,8.56,5.63,8.06,S,Second Round
2012 Michigan St.,2012,Michigan St.,Big 10,1,8.56,6.12,7.6,S,Sweet 16
2019 Kentucky,2019,Kentucky,SEC,2,8.55,6.88,6.6,S,Elite Eight
2011 Pittsburgh,2011,Pittsburgh,Big East,1,8.55,7,6.53,S,Second Round
2023 Connecticut,2023,Connecticut,Big East,4,8.53,7.22,6.22,S,Champion
2024 Arizona,2024,Arizona,Pac 12,2,8.52,7.23,6.43,A,Elite Eight
2014 Duke,2014,Duke,ACC,3,8.51,8.59,4.82,B,First Round
2023 UCLA,2023,UCLA,Pac 12,2,8.51,6.11,7.5,S,Sweet 16
2017 Florida,2017,Florida,SEC,4,8.49,6.47,7.06,S,Elite Eight
2017 Kansas,2017,Kansas,Big 12,1,8.48,7.73,5.62,S,Elite Eight
2024 Purdue,2024,Purdue,Big 10,1,8.48,7.95,5.75,S,Champion
2021 Iowa,2021,Iowa,Big 10,2,8.46,8.49,4.83,B,Second Round
2009 Duke,2009,Duke,ACC,2,8.46,7.15,6.18,S,Sweet 16
2017 Kentucky,2017,Kentucky,SEC,2,8.46,7.11,6.36,S,Elite Eight
2017 Louisville,2017,Louisville,ACC,2,8.46,6.5,6.98,S,Second Round
2022 Baylor,2022,Baylor,Big 12,1,8.45,7,6.41,S,Second Round
2022 Arizona,2022,Arizona,Pac 12,1,8.44,7.24,6.09,S,Sweet 16
2012 Syracuse,2012,Syracuse,Big East,1,8.44,6.7,6.66,S,Elite Eight
2017 West Virginia,2017,West Virginia,Big 12,4,8.44,6.49,6.97,S,Sweet 16
2013 Duke,2013,Duke,ACC,2,8.43,7.52,5.79,S,Elite Eight
2018 Michigan St.,2018,Michigan St.,Big 10,3,8.42,7.26,6.02,S,Second Round
2023 Tennessee,2023,Tennessee,SEC,4,8.41,5.5,7.95,C,Sweet 16
2013 Gonzaga,2013,Gonzaga,WCC,1,8.41,7.44,6,S,Second Round
2022 Kentucky,2022,Kentucky,SEC,2,8.41,7.44,5.8,S,First Round
2017 Virginia,2017,Virginia,ACC,5,8.39,5.76,7.82,B,Second Round
2015 Gonzaga,2015,Gonzaga,WCC,2,8.39,7.71,5.6,S,Elite Eight
2019 Tennessee,2019,Tennessee,SEC,2,8.37,7.87,5.39,S,Sweet 16
2022 Tennessee,2022,Tennessee,SEC,3,8.37,5.58,7.78,S,Second Round
2022 Kansas,2022,Kansas,Big 12,1,8.36,7.4,5.85,S,Champion
2017 Duke,2017,Duke,ACC,2,8.34,7.73,5.42,S,Second Round
2008 Wisconsin,2008,Wisconsin,Big 10,3,8.34,5.04,8.57,S,Sweet 16
2009 Louisville,2009,Louisville,Big East,1,8.33,5.5,7.96,S,Elite Eight
2012 North Carolina,2012,North Carolina,ACC,1,8.33,7.45,5.72,S,Elite Eight
2019 Purdue,2019,Purdue,Big 10,3,8.33,7.73,5.38,S,Elite Eight
2015 North Carolina,2015,North Carolina,ACC,4,8.29,7.84,5.19,A,Sweet 16
2008 Georgetown,2008,Georgetown,Big East,2,8.27,5.57,7.7,A,Second Round
2010 Kentucky,2010,Kentucky,SEC,1,8.26,6.79,6.28,A,Elite Eight
2015 Utah,2015,Utah,Pac 12,5,8.25,5.91,7.38,B,Sweet 16
2013 Kansas,2013,Kansas,Big 12,1,8.25,6.29,6.93,S,Sweet 16
2022 Villanova,2022,Villanova,Big East,2,8.24,7.08,5.87,A,Final Four
2012 Kansas,2012,Kansas,Big 12,2,8.24,6.39,6.81,S,Runner Up
2014 Virginia,2014,Virginia,ACC,1,8.23,4.8,8.52,S,Sweet 16
2011 Texas,2011,Texas,Big 12,4,8.22,6.2,7,S,Second Round
2016 West Virginia,2016,West Virginia,Big 12,3,8.21,6.57,6.52,S,First Round
2010 West Virginia,2010,West Virginia,Big East,2,8.19,6.53,6.47,S,Final Four
2012 Missouri,2012,Missouri,Big 12,2,8.18,8.53,4.4,B,First Round
2009 West Virginia,2009,West Virginia,Big East,6,8.18,5.94,7.12,B,First Round
2011 Kentucky,2011,Kentucky,SEC,4,8.18,6.81,6.23,S,Final Four
2010 Ohio St.,2010,Ohio St.,Big 10,2,8.18,6.63,6.35,S,Sweet 16
2017 Oregon,2017,Oregon,Pac 12,3,8.17,7,5.83,A,Final Four
2013 Pittsburgh,2013,Pittsburgh,Big East,8,8.16,5.76,7.23,B,First Round
2023 Texas,2023,Texas,Big 12,2,8.14,6.46,6.42,A,Elite Eight
2022 Texas Tech,2022,Texas Tech,Big 12,3,8.14,5.2,7.92,A,Sweet 16
2011 Purdue,2011,Purdue,Big 10,3,8.14,6.06,6.92,S,Second Round
2022 Duke,2022,Duke,ACC,2,8.13,7.59,5.25,A,Final Four
2017 Saint Mary's,2017,Saint Mary's,WCC,7,8.13,7.25,5.56,C,Second Round
2016 Kentucky,2016,Kentucky,SEC,4,8.13,7.58,5.33,S,Second Round
2010 Wisconsin,2010,Wisconsin,Big 10,4,8.12,5.36,7.76,B,Second Round
2011 Wisconsin,2011,Wisconsin,Big 10,4,8.12,6.48,6.51,S,Sweet 16
2024 Alabama,2024,Alabama,SEC,5,8.11,8.26,4.72,A,Final Four
2017 Wichita St.,2017,Wichita St.,MVC,10,8.11,6.62,6.27,B,Second Round
2019 Virginia Tech,2019,Virginia Tech,ACC,4,8.1,7.04,5.76,A,Sweet 16
2014 Villanova,2014,Villanova,Big East,2,8.1,6.63,6.19,S,Second Round
2013 Michigan,2013,Michigan,Big 10,4,8.09,7.55,5.23,A,Runner Up
2022 UCLA,2022,UCLA,Pac 12,4,8.08,6.58,6.21,A,Sweet 16
2018 North Carolina,2018,North Carolina,ACC,2,8.08,7.56,5.2,S,Second Round
2013 Ohio St.,2013,Ohio St.,Big 10,2,8.08,6.07,6.85,S,Elite Eight
2009 Gonzaga,2009,Gonzaga,WCC,4,8.07,7.21,5.62,B,Sweet 16
2014 Kansas,2014,Kansas,Big 12,2,8.06,7.46,5.28,S,Second Round
2024 Auburn,2024,Auburn,SEC,6,8.05,6.9,6.02,A,Sweet 16
2018 Kansas,2018,Kansas,Big 12,1,8.05,7.65,5.09,B,Final Four
2017 Purdue,2017,Purdue,Big 10,4,8.04,6.64,6.11,A,Sweet 16
2016 Purdue,2016,Purdue,Big 10,5,8.03,6.48,6.27,C,First Round
2011 San Diego St.,2011,San Diego St.,MWC,2,8.03,5.81,7.01,S,Sweet 16
2017 SMU,2017,SMU,AAC,6,8.03,7.28,5.45,S,First Round
2017 UCLA,2017,UCLA,Pac 12,3,8.02,8.33,4.2,B,Sweet 16
2019 Auburn,2019,Auburn,SEC,5,8.01,7.3,5.32,B,Final Four
2012 Wisconsin,2012,Wisconsin,Big 10,4,8.01,4.52,8.43,C,Sweet 16
2022 Auburn,2022,Auburn,SEC,2,7.98,5.8,6.94,A,Second Round
2023 Purdue,2023,Purdue,Big 10,1,7.98,6.99,5.75,A,First Round
2014 Wisconsin,2014,Wisconsin,Big 10,2,7.98,7.08,5.62,A,Final Four
2008 Louisville,2008,Louisville,Big East,3,7.98,5.62,7.16,C,Elite Eight
2009 Missouri,2009,Missouri,Big 12,3,7.97,7.03,5.57,A,Elite Eight
2015 Notre Dame,2015,Notre Dame,ACC,3,7.97,8.39,4.17,B,Elite Eight
2022 Purdue,2022,Purdue,Big 10,3,7.97,7.98,4.57,B,Sweet 16
2018 Gonzaga,2018,Gonzaga,WCC,4,7.95,7.08,5.46,C,Sweet 16
2017 Baylor,2017,Baylor,Big 12,3,7.95,6.52,6.12,S,Sweet 16
2008 Tennessee,2008,Tennessee,SEC,2,7.93,7.46,5.03,B,Sweet 16
2024 Tennessee,2024,Tennessee,SEC,2,7.93,6.15,6.52,B,Elite Eight
2016 Oklahoma,2016,Oklahoma,Big 12,2,7.92,6.95,5.63,A,Final Four
2024 Iowa St.,2024,Iowa St.,Big 12,6,7.92,5.73,7.04,C,Sweet 16
2013 Wisconsin,2013,Wisconsin,Big 10,5,7.91,4.49,8.34,C,First Round
2019 Houston,2019,Houston,AAC,3,7.9,6.11,6.44,A,Sweet 16
2014 Michigan St.,2014,Michigan St.,Big 10,4,7.9,6.81,5.72,A,Elite Eight
2014 Creighton,2014,Creighton,Big East,3,7.89,8.33,4.2,B,Second Round
2010 Kansas St.,2010,Kansas St.,Big 12,2,7.88,6.89,5.71,A,Elite Eight
2022 Iowa,2022,Iowa,Big 10,5,7.88,7.79,4.62,B,First Round
2010 Baylor,2010,Baylor,Big 12,3,7.86,6.96,5.48,A,Elite Eight
2016 Indiana,2016,Indiana,Big 10,5,7.86,7.61,4.75,B,Sweet 16
2014 Michigan,2014,Michigan,Big 10,2,7.86,7.42,5.04,B,Elite Eight
2017 Michigan,2017,Michigan,Big 10,7,7.86,7.77,4.62,B,Sweet 16
2023 Gonzaga,2023,Gonzaga,WCC,3,7.85,8.17,4.25,B,Second Round
2014 Wichita St.,2014,Wichita St.,MVC,1,7.85,6.05,6.46,S,Second Round
2018 West Virginia,2018,West Virginia,Big 12,5,7.84,7.06,5.36,B,Sweet 16
2015 Ohio St.,2015,Ohio St.,Big 10,10,7.84,6.54,5.8,C,Second Round
2024 North Carolina,2024,North Carolina,ACC,2,7.84,6.51,6.02,S,Runner Up
2021 Alabama,2021,Alabama,SEC,2,7.83,5.42,7.17,A,Sweet 16
2009 Villanova,2009,Villanova,Big East,3,7.83,6.45,5.89,A,Final Four
2021 Ohio St.,2021,Ohio St.,Big 10,2,7.83,7.65,4.77,B,First Round
2008 West Virginia,2008,West Virginia,Big East,7,7.82,6.21,6.12,C,Sweet 16
2009 Kansas,2009,Kansas,Big 12,3,7.81,6.37,6.08,A,Sweet 16
2018 Michigan,2018,Michigan,Big 10,3,7.81,6.06,6.33,A,Runner Up
2016 Duke,2016,Duke,ACC,4,7.81,7.86,4.44,B,Sweet 16
2010 BYU,2010,BYU,MWC,7,7.81,7.31,5.05,C,Second Round
2024 Connecticut,2024,Connecticut,Big East,1,7.8,7.78,4.64,S,Final Four
2013 Syracuse,2013,Syracuse,Big East,4,7.79,5.99,6.46,A,Final Four
2010 Villanova,2010,Villanova,Big East,2,7.79,7.81,4.43,B,Second Round
2010 Georgetown,2010,Georgetown,Big East,3,7.79,6.46,5.9,C,First Round
2011 Notre Dame,2011,Notre Dame,Big East,2,7.78,7.45,4.95,A,Second Round
2012 Indiana,2012,Indiana,Big 10,4,7.78,7.55,4.71,B,Sweet 16
2010 Maryland,2010,Maryland,ACC,4,7.78,7.18,5.04,B,Second Round
2010 Purdue,2010,Purdue,Big 10,4,7.78,5.26,7.25,B,Sweet 16
2009 UCLA,2009,UCLA,Pac 12,6,7.78,7.35,5.11,B,Second Round
2008 Texas,2008,Texas,Big 12,2,7.76,7.17,5.23,A,Elite Eight
2024 Duke,2024,Duke,ACC,3,7.76,7.22,5.02,B,Sweet 16
2014 Pittsburgh,2014,Pittsburgh,ACC,9,7.76,6.36,5.97,C,Second Round
2015 Kansas,2015,Kansas,Big 12,2,7.75,6.28,6.05,A,Second Round
2011 North Carolina,2011,North Carolina,ACC,2,7.75,6.2,6.07,A,Elite Eight
2009 Oklahoma,2009,Oklahoma,Big 12,2,7.75,7.12,5.16,A,Elite Eight
2017 Wisconsin,2017,Wisconsin,Big Ten,8,7.75,5.87,6.49,A,Sweet 16
2017 Iowa St.,2017,Iowa St.,Big 12,5,7.75,7.09,5.19,B,Second Round
2008 Washington St.,2008,Washington St.,Pac 12,4,7.75,5.2,7.28,C,Sweet 16
2024 Creighton,2024,Creighton,Big East,7,7.75,6.75,5.54,C,Second Round
2023 Kansas,2023,Kansas,Big 12,1,7.74,5.97,6.35,A,Second Round
2008 Stanford,2008,Stanford,Pac 12,3,7.74,5.54,6.9,A,Sweet 16
2021 Villanova,2021,Villanova,Big East,5,7.74,7.24,4.95,B,Sweet 16
2018 Texas Tech,2018,Texas Tech,Big 12,3,7.74,5.72,6.63,C,Elite Eight
2017 Cincinnati,2017,Cincinnati,AAC,6,7.73,5.97,6.36,A,Second Round
2008 Clemson,2008,Clemson,ACC,5,7.73,6.5,5.79,C,First Round
2017 Arizona,2017,Arizona,Pac 12,2,7.72,6.69,5.55,A,Sweet 16
2015 Oklahoma,2015,Oklahoma,Big 12,3,7.72,5.65,6.79,C,Sweet 16
2011 Syracuse,2011,Syracuse,Big East,3,7.7,6.01,6.23,A,Second Round
2019 Wisconsin,2019,Wisconsin,Big 10,5,7.7,5.12,7.27,A,First Round
2023 Arizona,2023,Arizona,Pac 12,2,7.69,7.2,5.03,A,First Round
2012 Wichita St.,2012,Wichita St.,MVC,5,7.69,6.64,5.62,C,First Round
2021 USC,2021,USC,Pac 12,6,7.67,5.85,6.43,A,Elite Eight
2011 BYU,2011,BYU,MWC,3,7.67,7.46,4.63,B,Sweet 16
2018 Xavier,2018,Xavier,Big East,1,7.67,7.49,4.67,B,Second Round
2012 Memphis,2012,Memphis,CUSA,8,7.67,6.38,5.76,C,First Round
2008 Xavier,2008,Xavier,A10,3,7.66,6.39,5.82,C,Elite Eight
2019 Florida St.,2019,Florida St.,ACC,4,7.65,5.57,6.6,A,Sweet 16
2009 Michigan St.,2009,Michigan St.,Big 10,2,7.65,5.9,6.3,A,Runner Up
2018 Tennessee,2018,Tennessee,SEC,3,7.65,5.89,6.31,A,Second Round
2012 Florida,2012,Florida,SEC,7,7.65,7.64,4.44,B,Elite Eight
2016 Arizona,2016,Arizona,Pac 12,6,7.65,6.81,5.26,C,First Round
2014 Tennessee,2014,Tennessee,SEC,11,7.65,5.87,6.36,C,Sweet 16
2013 Michigan St.,2013,Michigan St.,Big 10,3,7.64,5.17,7.13,A,Sweet 16
2013 Georgetown,2013,Georgetown,Big East,2,7.64,4.33,8.16,B,First Round
2024 BYU,2024,BYU,Big 12,10,7.64,6.33,5.92,C,Second Round
2019 Iowa St.,2019,Iowa St.,Big 12,6,7.63,6.94,5.15,B,First Round
2011 Louisville,2011,Louisville,Big East,4,7.63,5.78,6.42,B,First Round
2015 Baylor,2015,Baylor,Big 12,3,7.63,5.97,6.27,C,First Round
2008 Marquette,2008,Marquette,Big East,6,7.63,6.1,6.1,C,Second Round
2012 Duke,2012,Duke,ACC,2,7.62,7.33,4.67,B,First Round
2015 Louisville,2015,Louisville,ACC,4,7.62,4.9,7.39,B,Sweet 16
2017 Florida St.,2017,Florida St.,ACC,3,7.61,6.41,5.7,A,Second Round
2014 Kentucky,2014,Kentucky,SEC,8,7.61,6.57,5.45,C,Runner Up
2013 Miami FL,2013,Miami FL,ACC,2,7.59,5.36,6.81,A,Sweet 16
2014 Syracuse,2014,Syracuse,ACC,3,7.59,5.23,6.98,A,Second Round
2015 Iowa St.,2015,Iowa St.,Big 12,3,7.59,7.65,4.3,B,First Round
2016 Wichita St.,2016,Wichita St.,MVC,11,7.59,5.05,7.14,C,Second Round
2016 Miami FL,2016,Miami FL,ACC,3,7.58,6.58,5.54,A,Sweet 16
2016 Xavier,2016,Xavier,Big East,2,7.58,6.91,5.12,A,Second Round
2021 Virginia,2021,Virginia,ACC,4,7.58,6.33,5.7,C,First Round
2021 Loyola Chicago,2021,Loyola Chicago,MVC,8,7.57,5.19,7.04,C,Sweet 16
2024 Wisconsin,2024,Wisconsin,Big 10,2,7.57,6.92,5.16,S,Elite Eight
2014 Oklahoma St.,2014,Oklahoma St.,Big 12,9,7.56,6.8,5.18,B,First Round
2009 Arizona St.,2009,Arizona St.,Pac 12,6,7.56,5.97,6.23,C,Second Round
2023 Creighton,2023,Creighton,Big East,6,7.56,6.24,5.76,C,Elite Eight
2008 Davidson,2008,Davidson,Southern,10,7.55,6.23,5.68,B,Elite Eight
2014 UCLA,2014,UCLA,Pac 12,4,7.55,7.39,4.52,B,Sweet 16
2013 Arizona,2013,Arizona,Pac 12,6,7.55,6.31,5.63,C,Sweet 16
2021 Texas Tech,2021,Texas Tech,Big 12,6,7.55,5.63,6.4,C,Second Round
2014 Iowa,2014,Iowa,Big 10,11,7.54,7.74,4.18,B,First Round
2014 Ohio St.,2014,Ohio St.,Big 10,6,7.54,4.54,7.69,B,First Round
2009 Syracuse,2009,Syracuse,Big East,3,7.54,7.38,4.51,B,Sweet 16
2011 Florida,2011,Florida,SEC,2,7.53,6.26,5.64,A,Elite Eight
2017 Notre Dame,2017,Notre Dame,ACC,5,7.53,7.14,4.84,B,Second Round
2009 Purdue,2009,Purdue,Big 10,5,7.53,5.16,7.01,C,Sweet 16
2015 Wichita St.,2015,Wichita St.,MVC,7,7.53,5.75,6.34,C,Sweet 16
2024 Illinois,2024,Illinois,Big 10,3,7.53,6.57,5.44,C,Second Round
2023 Marquette,2023,Marquette,Big East,2,7.52,6.98,5,B,Second Round
2011 Washington,2011,Washington,Pac 12,7,7.52,7.45,4.41,B,Second Round
2010 Texas,2010,Texas,Big 12,8,7.52,6.77,5.11,C,First Round
2019 Kansas,2019,Kansas,Big 12,4,7.51,5.78,6.17,A,Second Round
2013 Creighton,2013,Creighton,MVC,7,7.51,6.95,5,B,Second Round
2018 Ohio St.,2018,Ohio St.,Big 10,5,7.51,6.31,5.7,C,Second Round
2021 Wisconsin,2021,Wisconsin,Big 10,9,7.51,5.56,6.48,C,Second Round
2015 Michigan St.,2015,Michigan St.,Big 10,7,7.49,6.28,5.68,C,Final Four
2024 Baylor,2024,Baylor,Big 12,3,7.48,7.55,4.29,B,Sweet 16
2013 VCU,2013,VCU,A10,5,7.48,6.36,5.51,C,Second Round
2021 Colorado,2021,Colorado,Pac 12,5,7.47,6.15,5.84,C,First Round
2022 Texas,2022,Texas,Big 12,6,7.47,5.5,6.44,C,Second Round
2008 Michigan St.,2008,Michigan St.,Big 10,5,7.46,5.9,6.02,A,Sweet 16
2016 Oregon,2016,Oregon,Pac 12,1,7.45,6.85,4.99,B,Elite Eight
2019 Wofford,2019,Wofford,Southern,7,7.44,6.91,4.81,B,Second Round
2016 Texas A&M,2016,Texas A&M,SEC,3,7.43,5.73,6.18,A,Sweet 16
2009 Clemson,2009,Clemson,ACC,7,7.43,6.92,4.83,B,First Round
2021 Arkansas,2021,Arkansas,SEC,3,7.43,5.47,6.39,C,Elite Eight
2021 Florida St.,2021,Florida St.,ACC,4,7.43,6.35,5.57,C,Sweet 16
2021 Tennessee,2021,Tennessee,SEC,5,7.42,4.93,7.04,C,First Round
2012 Georgetown,2012,Georgetown,Big East,3,7.41,4.92,7.02,B,Second Round
2019 Louisville,2019,Louisville,ACC,7,7.41,5.84,5.98,C,First Round
2016 Vanderbilt,2016,Vanderbilt,SEC,11,7.41,5.88,5.97,C,First Round
2018 Wichita St.,2018,Wichita St.,AAC,4,7.4,7.52,4.17,B,First Round
2023 Baylor,2023,Baylor,Big 12,3,7.4,7.59,4.17,C,Second Round
2018 Clemson,2018,Clemson,ACC,5,7.4,5.66,6.07,C,Sweet 16
2022 Illinois,2022,Illinois,Big 10,4,7.4,5.99,5.82,C,Second Round
2017 Butler,2017,Butler,Big East,4,7.39,6.76,4.98,B,Sweet 16
2010 Missouri,2010,Missouri,Big 12,10,7.39,5.83,5.95,C,Second Round
2021 Creighton,2021,Creighton,Big East,5,7.38,6.23,5.49,C,Sweet 16
2016 Iowa,2016,Iowa,Big 10,7,7.37,6.34,5.42,B,Second Round
2017 Oklahoma St.,2017,Oklahoma St.,Big 12,10,7.37,8.14,3.66,B,First Round
2021 Connecticut,2021,Connecticut,Big East,7,7.37,5.84,5.98,C,First Round
2018 Houston,2018,Houston,AAC,6,7.36,6.12,5.59,C,Second Round
2012 New Mexico,2012,New Mexico,MWC,5,7.36,5.33,6.44,C,Second Round
2022 LSU,2022,LSU,SEC,6,7.35,4.46,7.36,C,First Round
2023 Saint Mary's,2023,Saint Mary's,WCC,5,7.35,5.42,6.48,C,Second Round
2012 Baylor,2012,Baylor,Big 12,3,7.34,6.45,5.23,B,Elite Eight
2010 Clemson,2010,Clemson,ACC,7,7.34,5.44,6.33,C,First Round
2016 Iowa St.,2016,Iowa St.,Big 12,4,7.33,7.77,3.84,B,Sweet 16
2016 Maryland,2016,Maryland,Big 10,5,7.33,6.11,5.55,B,Sweet 16
2012 Marquette,2012,Marquette,Big East,3,7.33,6.27,5.33,C,Sweet 16
2013 Minnesota,2013,Minnesota,Big 10,11,7.33,5.78,5.94,C,Second Round
2010 Utah St.,2010,Utah St.,WAC,12,7.33,5.75,5.99,C,First Round
2010 Xavier,2010,Xavier,A10,6,7.32,6.87,4.7,C,Sweet 16
2024 Marquette,2024,Marquette,Big East,4,7.32,6.03,5.71,C,Second Round
2009 Wake Forest,2009,Wake Forest,ACC,4,7.31,6.35,5.26,A,First Round
2014 Gonzaga,2014,Gonzaga,WCC,8,7.31,5.99,5.69,B,Second Round
2014 Iowa St.,2014,Iowa St.,Big 12,3,7.31,7.31,4.2,B,Sweet 16
2019 LSU,2019,LSU,SEC,3,7.31,6.82,4.83,B,Sweet 16
2021 San Diego St.,2021,San Diego St.,MWC,6,7.31,5.29,6.53,C,First Round
2008 Pittsburgh,2008,Pittsburgh,Big East,4,7.3,6.32,5.29,C,Second Round
2009 Xavier,2009,Xavier,A10,4,7.3,5.36,6.28,C,Sweet 16
2019 Mississippi St.,2019,Mississippi St.,SEC,5,7.29,6.67,4.92,B,First Round
2011 West Virginia,2011,West Virginia,Big East,5,7.29,5.47,6.21,C,Second Round
2023 San Diego St.,2023,San Diego St.,MWC,5,7.28,5.27,6.47,A,Runner Up
2018 Kentucky,2018,Kentucky,SEC,5,7.28,6.23,5.36,B,Sweet 16
2014 San Diego St.,2014,San Diego St.,MWC,4,7.28,4.42,7.33,B,Sweet 16
2012 Vanderbilt,2012,Vanderbilt,SEC,5,7.28,6.24,5.38,B,Second Round
2010 California,2010,California,Pac 12,8,7.27,7.47,4.14,B,Second Round
2019 Kansas St.,2019,Kansas St.,Big 12,4,7.27,4.39,7.39,B,First Round
2014 VCU,2014,VCU,A10,5,7.27,5.18,6.47,C,First Round
2009 Washington,2009,Washington,Pac 12,4,7.27,6.54,5.04,C,Second Round
2010 Marquette,2010,Marquette,Big East,6,7.26,5.92,5.67,B,First Round
2021 Texas,2021,Texas,Big 12,3,7.26,5.89,5.73,C,First Round
2011 Belmont,2011,Belmont,ASUN,13,7.24,6.01,5.46,C,First Round
2022 Connecticut,2022,Connecticut,Big East,5,7.24,6,5.49,C,First Round
2011 Illinois,2011,Illinois,Big 10,9,7.24,5.71,5.93,C,Second Round
2010 Temple,2010,Temple,A10,5,7.23,3.67,8.19,B,First Round
2015 Butler,2015,Butler,Big East,6,7.23,4.83,6.82,C,Second Round
2012 Saint Louis,2012,Saint Louis,A10,9,7.23,4.73,7.02,C,Second Round
2015 Northern Iowa,2015,Northern Iowa,MVC,5,7.22,5.07,6.66,A,Second Round
2016 Connecticut,2016,Connecticut,AAC,9,7.22,5.16,6.36,C,Second Round
2008 Indiana,2008,Indiana,Big 10,8,7.22,6.24,5.27,C,First Round
2015 Texas,2015,Texas,Big 12,11,7.22,5.21,6.39,C,First Round
2011 Connecticut,2011,Connecticut,Big East,3,7.21,6,5.54,A,Champion
2010 Florida St.,2010,Florida St.,ACC,9,7.21,3.98,7.74,C,First Round
2019 Buffalo,2019,Buffalo,MAC,6,7.2,6.01,5.45,A,Second Round
2018 Auburn,2018,Auburn,SEC,4,7.2,6.49,5,B,Second Round
2010 Butler,2010,Butler,Horizon,5,7.2,4.81,6.79,B,Runner Up
2009 Marquette,2009,Marquette,Big East,6,7.2,6.95,4.54,B,Second Round
2010 Tennessee,2010,Tennessee,SEC,6,7.2,5,6.5,C,Elite Eight
2008 Texas A&M,2008,Texas A&M,Big 12,9,7.2,5.26,6.37,C,Second Round
2021 Kansas,2021,Kansas,Big 12,3,7.19,5.06,6.52,B,Second Round
2010 Michigan St.,2010,Michigan St.,Big 10,5,7.19,5.59,5.93,C,Final Four
2010 Minnesota,2010,Minnesota,Big 10,11,7.19,5.73,5.76,C,First Round
2021 Purdue,2021,Purdue,Big 10,4,7.19,5.68,5.83,C,First Round
2014 Connecticut,2014,Connecticut,AAC,7,7.18,5.19,6.35,B,Champion
2023 Duke,2023,Duke,ACC,5,7.18,5.65,5.78,C,Second Round
2016 Gonzaga,2016,Gonzaga,WCC,11,7.18,6.24,5.25,C,Sweet 16
2022 Virginia Tech,2022,Virginia Tech,ACC,11,7.18,6.25,5.19,C,First Round
2023 Xavier,2023,Xavier,Big East,3,7.18,6.96,4.47,C,Sweet 16
2024 Kansas,2024,Kansas,Big 12,1,7.18,5.81,5.69,C,Sweet 16
2011 Arizona,2011,Arizona,Pac 12,5,7.17,6.68,4.72,C,Elite Eight
2021 West Virginia,2021,West Virginia,Big 12,3,7.16,6.39,5.04,B,Second Round
2021 LSU,2021,LSU,SEC,8,7.16,7.41,3.94,C,Second Round
2022 Arkansas,2022,Arkansas,SEC,4,7.15,5.21,6.24,B,Elite Eight
2008 Butler,2008,Butler,Horizon,7,7.15,5.55,5.92,C,Second Round
2024 Kentucky,2024,Kentucky,SEC,4,7.14,7.02,4.38,B,Elite Eight
2008 Connecticut,2008,Connecticut,Big East,4,7.14,6.34,5.03,C,First Round
2019 Nevada,2019,Nevada,MWC,7,7.14,5.94,5.4,C,First Round
2008 USC,2008,USC,Pac 12,6,7.14,5.05,6.44,C,First Round
2023 Arkansas,2023,Arkansas,SEC,8,7.13,5.31,6.11,C,Sweet 16
2017 Creighton,2017,Creighton,Big East,6,7.13,6.38,5.01,C,First Round
2008 Notre Dame,2008,Notre Dame,Big East,5,7.13,6.85,4.47,C,Second Round
2019 Maryland,2019,Maryland,Big 10,6,7.12,5.73,5.65,C,Second Round
2012 Louisville,2012,Louisville,Big East,4,7.1,4.12,7.46,B,Final Four
2018 Florida,2018,Florida,SEC,6,7.1,6.09,5.3,C,Second Round
2009 Illinois,2009,Illinois,Big 10,5,7.1,3.91,7.71,C,First Round
2013 Missouri,2013,Missouri,SEC,9,7.1,6.54,4.71,C,First Round
2010 Pittsburgh,2010,Pittsburgh,Big East,3,7.1,4.88,6.54,C,Second Round
2011 UNLV,2011,UNLV,MWC,8,7.1,5.26,6.15,C,First Round
2016 California,2016,California,Pac 12,4,7.09,5.5,5.9,C,First Round
2023 West Virginia,2023,West Virginia,Big 12,9,7.09,6.55,4.77,C,First Round
2015 Iowa,2015,Iowa,Big 10,7,7.08,5.65,5.72,C,Second Round
2018 TCU,2018,TCU,Big 12,6,7.08,7.28,4.01,C,First Round
2008 Drake,2008,Drake,MVC,5,7.07,6.4,5.01,B,First Round
2018 Butler,2018,Butler,Big East,10,7.07,6.19,5.12,C,Second Round
2022 Saint Mary's,2022,Saint Mary's,WCC,5,7.07,4.89,6.51,C,Second Round
2021 St. Bonaventure,2021,St. Bonaventure,A10,9,7.07,5.26,6.14,C,First Round
2014 Cincinnati,2014,Cincinnati,AAC,5,7.06,4.12,7.35,B,First Round
2021 BYU,2021,BYU,WCC,6,7.06,5.71,5.61,C,First Round
2011 Utah St.,2011,Utah St.,WAC,12,7.06,4.75,6.67,C,First Round
2011 Villanova,2011,Villanova,Big East,9,7.06,6.07,5.18,C,First Round
2016 Baylor,2016,Baylor,Big 12,5,7.05,6.65,4.61,C,First Round
2016 Cincinnati,2016,Cincinnati,AAC,9,7.05,4.8,6.5,C,First Round
2013 Saint Mary's,2013,Saint Mary's,WCC,11,7.05,6.52,4.7,C,First Round
2010 Vanderbilt,2010,Vanderbilt,SEC,4,7.05,6.28,4.91,C,First Round
2010 Texas A&M,2010,Texas A&M,Big 12,5,7.04,5.24,6.12,B,Second Round
2011 Vanderbilt,2011,Vanderbilt,SEC,5,7.04,6.45,4.72,C,First Round
2019 Villanova,2019,Villanova,Big East,6,7.03,6.53,4.64,C,Second Round
2021 North Carolina,2021,North Carolina,ACC,8,7.02,5.02,6.25,C,First Round
2022 North Carolina,2022,North Carolina,ACC,8,7.02,5.97,5.18,C,Runner Up
2012 Florida St.,2012,Florida St.,ACC,3,7.01,4.66,6.68,B,Second Round
2011 Georgetown,2011,Georgetown,Big East,6,7.01,5.79,5.43,B,First Round
2014 North Carolina,2014,North Carolina,ACC,6,7.01,5.86,5.31,B,Second Round
2018 Arizona,2018,Arizona,Pac 12,4,7.01,6.96,4.18,C,First Round
2009 BYU,2009,BYU,MWC,8,7.01,6.16,5.15,C,Second Round
2018 Creighton,2018,Creighton,Big East,8,7.01,6.53,4.68,C,First Round
2010 Georgia Tech,2010,Georgia Tech,ACC,10,7,5.14,6.12,C,Second Round
2010 Louisville,2010,Louisville,Big East,9,7,6.44,4.68,C,First Round
2023 Memphis,2023,Memphis,AAC,8,7,5.85,5.38,C,First Round
2023 Kentucky,2023,Kentucky,SEC,6,6.99,6.46,4.69,C,Second Round
2013 Oklahoma St.,2013,Oklahoma St.,Big 12,5,6.99,5.04,6.27,C,First Round
2013 Saint Louis,2013,Saint Louis,A10,4,6.99,4.4,7.01,C,Second Round
2008 Arizona,2008,Arizona,Pac 12,10,6.98,6.19,5.04,B,First Round
2013 Marquette,2013,Marquette,Big East,3,6.98,5.79,5.39,B,Elite Eight
2009 Texas,2009,Texas,Big 12,7,6.98,5.29,5.95,C,Second Round
2019 Florida,2019,Florida,SEC,10,6.97,5.02,6.22,C,Second Round
2023 Iowa St.,2023,Iowa St.,Big 12,6,6.97,4.6,6.68,C,First Round
2009 Tennessee,2009,Tennessee,SEC,9,6.97,6.73,4.31,C,First Round
2023 Texas A&M,2023,Texas A&M,SEC,7,6.97,5.83,5.31,C,First Round
2008 Gonzaga,2008,Gonzaga,WCC,7,6.96,6.08,5.07,C,First Round
2023 Maryland,2023,Maryland,Big 10,8,6.96,5.71,5.41,C,Second Round
2011 Cincinnati,2011,Cincinnati,Big East,6,6.95,4.55,6.74,C,Second Round
2023 Indiana,2023,Indiana,Big 10,4,6.95,5.92,5.16,C,Second Round
2015 West Virginia,2015,West Virginia,Big 12,5,6.95,5.9,5.2,C,Sweet 16
2018 Seton Hall,2018,Seton Hall,Big East,8,6.92,6.41,4.66,C,Second Round
2024 TCU,2024,TCU,Big 12,4,6.92,6.07,5.04,C,Sweet 16
2019 Cincinnati,2019,Cincinnati,AAC,7,6.91,5.38,5.74,B,First Round
2023 Kansas St.,2023,Kansas St.,Big 12,3,6.91,5.33,5.77,B,Elite Eight
2023 TCU,2023,TCU,Big 12,6,6.91,5.32,5.77,C,Second Round
2023 Auburn,2023,Auburn,SEC,9,6.9,5.45,5.64,C,Second Round
2010 Washington,2010,Washington,Pac 12,11,6.9,6.26,4.69,C,Sweet 16
2019 Marquette,2019,Marquette,Big East,5,6.89,5.68,5.36,C,First Round
2013 Wichita St.,2013,Wichita St.,MVC,9,6.89,4.89,6.2,C,Final Four
2024 Oklahoma,2024,Oklahoma,Big 12,5,6.89,5.72,5.36,C,First Round
2024 Florida Atlantic,2024,Florida Atlantic,AAC,8,6.89,6.81,4.23,C,Second Round
2013 Kansas St.,2013,Kansas St.,Big 12,4,6.88,5.29,5.83,B,First Round
2014 Oregon,2014,Oregon,Pac 12,7,6.88,7.29,3.65,C,Second Round
2016 Pittsburgh,2016,Pittsburgh,ACC,10,6.88,5.87,5.16,C,First Round
2022 Alabama,2022,Alabama,SEC,6,6.87,6.45,4.52,C,First Round
2016 Butler,2016,Butler,Big East,9,6.87,6.73,4.26,C,Second Round
2014 Harvard,2014,Harvard,Ivy,12,6.87,5.28,5.74,C,Second Round
2010 Old Dominion,2010,Old Dominion,CAA,11,6.87,3.97,7.22,C,Second Round
2015 Georgetown,2015,Georgetown,Big East,4,6.86,5.61,5.41,C,Second Round
2011 Marquette,2011,Marquette,Big East,11,6.86,6.36,4.6,C,Sweet 16
2023 Virginia,2023,Virginia,ACC,4,6.86,5.22,5.78,C,First Round
2016 Seton Hall,2016,Seton Hall,Big East,6,6.85,5.24,5.79,B,First Round
2009 Oklahoma St.,2009,Oklahoma St.,Big 12,8,6.85,6.99,3.87,C,Second Round
2021 Oregon,2021,Oregon,Pac 12,7,6.85,6.22,4.72,C,Sweet 16
2013 San Diego St.,2013,San Diego St.,MWC,7,6.85,4.65,6.44,C,Second Round
2017 South Carolina,2017,South Carolina,SEC,7,6.85,3.99,7.18,C,Final Four
2012 Belmont,2012,Belmont,ASUN,14,6.84,6.89,3.97,C,First Round
2023 Florida Atlantic,2023,Florida Atlantic,CUSA,9,6.84,5.82,5.14,C,Final Four
2022 Memphis,2022,Memphis,AAC,9,6.84,5.26,5.72,C,Second Round
2011 George Mason,2011,George Mason,CAA,8,6.83,5.53,5.43,C,Second Round
2012 Kansas St.,2012,Kansas St.,Big 12,8,6.83,5.13,5.86,C,Second Round
2024 Villanova,2024,Villanova,Big East,6,6.83,5.84,5.12,C,Second Round
2013 New Mexico,2013,New Mexico,MWC,3,6.82,4.78,6.24,B,First Round
2012 Michigan,2012,Michigan,Big 10,4,6.82,5.22,5.82,C,First Round
2013 NC St.,2013,NC St.,ACC,8,6.82,7.05,3.76,C,First Round
2015 VCU,2015,VCU,A10,7,6.82,5.65,5.21,C,First Round
2017 Marquette,2017,Marquette,Big East,10,6.81,7.41,3.55,C,First Round
2018 Nevada,2018,Nevada,MWC,7,6.81,7.07,3.8,C,Sweet 16
2012 Virginia,2012,Virginia,ACC,10,6.81,3.15,8.04,C,First Round
2012 Alabama,2012,Alabama,SEC,9,6.8,3.64,7.49,C,First Round
2011 Kansas St.,2011,Kansas St.,Big 12,5,6.8,5.14,5.84,C,Second Round
2011 Missouri,2011,Missouri,Big 12,11,6.8,6.49,4.28,C,First Round
2013 North Carolina,2013,North Carolina,ACC,8,6.8,6.18,4.64,C,Second Round
2022 San Francisco,2022,San Francisco,WCC,10,6.8,5.21,5.73,C,First Round
2014 Baylor,2014,Baylor,Big 12,6,6.78,6.38,4.53,C,Sweet 16
2022 Loyola Chicago,2022,Loyola Chicago,MVC,10,6.78,5.12,5.8,C,First Round
2013 Middle Tennessee,2013,Middle Tennessee,Sun Belt,11,6.78,4.47,6.46,C,First Round
2021 UCLA,2021,UCLA,Pac 12,11,6.78,6.13,4.71,C,Final Four
2009 Wisconsin,2009,Wisconsin,Big 10,12,6.78,4.83,6.16,C,Second Round
2024 Texas Tech,2024,Texas Tech,Big 12,11,6.78,6,4.9,C,First Round
2013 Cincinnati,2013,Cincinnati,Big East,10,6.77,4.15,6.84,C,First Round
2011 Clemson,2011,Clemson,ACC,12,6.77,4.39,6.62,C,First Round
2012 Gonzaga,2012,Gonzaga,WCC,7,6.77,5.57,5.27,C,Second Round
2008 Kansas St.,2008,Kansas St.,Big 12,11,6.77,6.13,4.79,C,Second Round
2017 Miami FL,2017,Miami FL,ACC,8,6.77,5.09,5.86,C,First Round
2010 Northern Iowa,2010,Northern Iowa,MVC,9,6.77,3.51,7.61,C,Sweet 16
2013 Notre Dame,2013,Notre Dame,Big East,7,6.77,5.98,4.9,C,First Round
2012 Purdue,2012,Purdue,Big 10,10,6.77,6.29,4.54,C,Second Round
2010 UNLV,2010,UNLV,MWC,8,6.77,5.2,5.69,C,First Round
2017 Wake Forest,2017,Wake Forest,ACC,11,6.77,7.45,3.46,C,First Round
2013 UNLV,2013,UNLV,MWC,5,6.76,4.72,6.22,C,First Round
2010 UTEP,2010,UTEP,CUSA,12,6.76,4.96,5.97,C,First Round
2024 Utah,2024,Utah,Pac 12,8,6.76,6.16,4.77,C,Second Round
2021 Oklahoma St.,2021,Oklahoma St.,Big 12,4,6.75,4.88,6.05,B,Second Round
2022 San Diego St.,2022,San Diego St.,MWC,8,6.75,3.39,7.73,C,First Round
2024 St. John's,2024,St. John's,Big East,7,6.75,6.02,4.89,C,First Round
2013 Iowa St.,2013,Iowa St.,Big 12,10,6.74,7.22,3.47,C,Second Round
2024 Clemson,2024,Clemson,ACC,4,6.74,6.64,4.21,C,Sweet 16
2024 Dayton,2024,Dayton,A10,5,6.74,6.67,4.22,C,First Round
2017 Kansas St.,2017,Kansas St.,Big 12,11,6.73,5.37,5.5,C,First Round
2022 Michigan,2022,Michigan,Big 10,11,6.73,6.09,4.71,C,Sweet 16
2022 Ohio St.,2022,Ohio St.,Big 10,7,6.73,6.58,4.19,C,Second Round
2015 Providence,2015,Providence,Big East,6,6.73,5.58,5.26,C,First Round
2008 Purdue,2008,Purdue,Big 10,6,6.73,4.83,6.1,C,Second Round
2018 Texas A&M,2018,Texas A&M,SEC,7,6.73,5.07,5.79,C,Sweet 16
2018 Florida St.,2018,Florida St.,ACC,9,6.72,6.02,4.77,C,Second Round
2021 Oklahoma,2021,Oklahoma,Big 12,8,6.72,5.52,5.27,C,Second Round
2018 Virginia Tech,2018,Virginia Tech,ACC,8,6.72,6.24,4.5,C,First Round
2024 Mississippi St.,2024,Mississippi St.,SEC,9,6.72,4.99,5.95,C,First Round
2016 Utah,2016,Utah,Pac 12,3,6.71,6.07,4.75,C,Second Round
2024 Saint Mary's,2024,Saint Mary's,WCC,12,6.71,4.93,5.98,C,Second Round
2021 Florida,2021,Florida,SEC,7,6.7,5.34,5.45,C,Second Round
2023 Michigan St.,2023,Michigan St.,Big 10,7,6.7,5.59,5.2,C,Sweet 16
2013 Mississippi,2013,Mississippi,SEC,12,6.7,6.17,4.47,C,Second Round
2019 Saint Mary's,2019,Saint Mary's,WCC,11,6.7,6.09,4.66,C,First Round
2024 Texas A&M,2024,Texas A&M,SEC,9,6.7,6.29,4.47,C,Second Round
2021 Georgia Tech,2021,Georgia Tech,ACC,9,6.69,5.76,5.01,C,First Round
2011 Temple,2011,Temple,A10,7,6.69,4.82,5.98,C,Second Round
2015 BYU,2015,BYU,WCC,11,6.68,7.9,2.7,C,First Round
2008 Mississippi St.,2008,Mississippi St.,SEC,8,6.68,4.78,6,C,Second Round
2016 VCU,2016,VCU,A10,10,6.68,5.36,5.4,C,Second Round
2015 Xavier,2015,Xavier,Big East,6,6.68,6.37,4.37,C,Sweet 16
2023 Illinois,2023,Illinois,Big 10,9,6.67,5.12,5.62,C,First Round
2016 Syracuse,2016,Syracuse,ACC,10,6.67,4.68,6.13,C,Final Four
2009 USC,2009,USC,Pac 12,10,6.67,4.5,6.37,C,Second Round
2013 Memphis,2013,Memphis,CUSA,6,6.66,5.17,5.57,C,Second Round
2010 Saint Mary's,2010,Saint Mary's,WCC,10,6.66,6.46,4.24,C,Sweet 16
2009 Butler,2009,Butler,Big 12,9,6.65,4.57,6.2,C,First Round
2021 Maryland,2021,Maryland,Big 10,10,6.65,5.35,5.38,C,Second Round
2014 Oklahoma,2014,Oklahoma,Big 12,5,6.65,7.26,3.37,C,First Round
2022 Wisconsin,2022,Wisconsin,Big 10,3,6.65,5.1,5.6,C,Second Round
2012 California,2012,California,Pac 12,12,6.64,5.15,5.59,C,Second Round
2023 Miami FL,2023,Miami FL,ACC,5,6.64,6.95,3.69,C,Final Four
2010 Notre Dame,2010,Notre Dame,Big East,6,6.64,6.98,3.74,C,First Round
2019 Oregon,2019,Oregon,Pac 12,12,6.64,4.52,6.18,C,Sweet 16
2015 SMU,2015,SMU,AAC,6,6.64,5.18,5.58,C,First Round
2023 Utah St.,2023,Utah St.,MWC,10,6.64,6.34,4.36,C,First Round
2018 Miami FL,2018,Miami FL,ACC,6,6.63,5.49,5.2,C,First Round
2019 Syracuse,2019,Syracuse,ACC,8,6.63,4.89,5.82,C,First Round
2021 Syracuse,2021,Syracuse,ACC,11,6.63,5.84,4.81,C,Sweet 16
2017 Vanderbilt,2017,Vanderbilt,SEC,9,6.63,5.53,5.17,C,First Round
2013 Colorado St.,2013,Colorado St.,MWC,8,6.62,6.35,4.32,B,Second Round
2009 California,2009,California,ACC,7,6.62,6.62,4.02,C,First Round
2011 Gonzaga,2011,Gonzaga,WCC,11,6.62,5.6,5.03,C,Second Round
2015 Maryland,2015,Maryland,Big 10,4,6.62,5.04,5.65,C,Second Round
2015 Davidson,2015,Davidson,A10,10,6.61,7.49,3.11,C,First Round
2010 New Mexico,2010,New Mexico,MWC,3,6.61,6.06,4.58,C,Second Round
2016 Notre Dame,2016,Notre Dame,ACC,6,6.6,6.61,4.04,C,Elite Eight
2019 Oklahoma,2019,Oklahoma,Big 12,9,6.6,4.83,5.84,C,Second Round
2015 Arkansas,2015,Arkansas,SEC,5,6.59,6.59,3.93,C,Second Round
2023 Iowa,2023,Iowa,Big 10,8,6.59,7.29,3.31,C,First Round
2010 Oklahoma St.,2010,Oklahoma St.,Big 12,7,6.59,5.53,5.13,C,First Round
2012 UNLV,2012,UNLV,MWC,6,6.59,5.72,4.86,C,First Round
2011 Xavier,2011,Xavier,A10,6,6.59,5.43,5.18,C,First Round
2012 Creighton,2012,Creighton,MVC,8,6.58,7.39,3.15,C,Second Round
2019 VCU,2019,VCU,A10,8,6.58,3.51,7.34,C,First Round
2017 Xavier,2017,Xavier,Big East,11,6.58,6.03,4.57,C,Elite Eight
2019 Iowa,2019,Iowa,Big 10,10,6.57,6.68,3.86,C,Second Round
2017 Minnesota,2017,Minnesota,Big 10,5,6.57,4.56,6.13,C,First Round
2021 Rutgers,2021,Rutgers,Big 10,10,6.57,4.52,6.17,C,Second Round
2010 Florida,2010,Florida,SEC,10,6.56,5.55,5,C,First Round
2012 Saint Mary's,2012,Saint Mary's,WCC,7,6.56,5.81,4.73,C,First Round
2012 Texas,2012,Texas,Big 12,11,6.56,5.64,4.9,C,First Round
2019 UCF,2019,UCF,AAC,9,6.56,5.11,5.5,C,Second Round
2022 Murray St.,2022,Murray St.,OVC,7,6.55,5.48,5.05,C,Second Round
2017 Rhode Island,2017,Rhode Island,A10,11,6.55,5.13,5.44,C,Second Round
2016 Texas,2016,Texas,Big 12,6,6.55,5.04,5.61,C,First Round
2015 NC St.,2015,NC St.,ACC,8,6.54,5.84,4.69,C,Sweet 16
2008 Oregon,2008,Oregon,Pac 12,9,6.54,7.28,3.21,C,First Round
2022 Indiana,2022,Indiana,Big 10,12,6.53,4.5,6.14,C,First Round
2009 Ohio St.,2009,Ohio St.,Big 10,8,6.53,5.15,5.45,C,First Round
2013 Belmont,2013,Belmont,OVC,11,6.52,5.53,4.96,C,First Round
2011 Florida St.,2011,Florida St.,ACC,10,6.52,3.64,7.07,C,Sweet 16
2018 Arkansas,2018,Arkansas,SEC,7,6.51,6.5,3.99,C,First Round
2012 Cincinnati,2012,Cincinnati,Big East,6,6.51,4.68,5.9,C,Sweet 16
2012 Iowa St.,2012,Iowa St.,Big 12,8,6.51,5.77,4.73,C,Second Round
2014 Saint Louis,2014,Saint Louis,A10,5,6.51,3.84,6.82,C,Second Round
2018 Texas,2018,Texas,Big 12,10,6.51,4.68,5.89,C,First Round
2014 New Mexico,2014,New Mexico,MWC,7,6.5,5.75,4.76,C,First Round
2023 Northwestern,2023,Northwestern,Big 10,7,6.5,4.51,6.04,C,Second Round
2022 TCU,2022,TCU,Big 12,9,6.5,4.66,5.86,C,Second Round
2012 Temple,2012,Temple,A10,5,6.5,6.15,4.29,C,First Round
2017 Dayton,2017,Dayton,A10,7,6.49,5.29,5.2,C,First Round
2009 Florida St.,2009,Florida St.,ACC,5,6.49,4.02,6.58,C,First Round
2022 Michigan St.,2022,Michigan St.,Big 10,7,6.49,5.36,5.11,C,Second Round
2024 San Diego St.,2024,San Diego St.,MWC,6,6.49,5.19,5.4,C,Second Round
2024 Wake Forest,2024,Wake Forest,ACC,10,6.49,6.03,4.44,C,First Round
2023 Boise St.,2023,Boise St.,MWC,10,6.48,4.88,5.63,C,First Round
2010 Gonzaga,2010,Gonzaga,WCC,8,6.48,5.78,4.67,C,Second Round
2011 Richmond,2011,Richmond,A10,12,6.48,4.84,5.68,C,Sweet 16
2016 Wisconsin,2016,Wisconsin,Big 10,7,6.48,4.33,6.23,C,Sweet 16
2011 Butler,2011,Butler,Horizon,8,6.47,5.38,5.06,C,Runner Up
2018 Davidson,2018,Davidson,A10,12,6.47,6.7,3.68,C,First Round
2014 Memphis,2014,Memphis,AAC,8,6.47,5.72,4.69,C,Second Round
2008 Miami FL,2008,Miami FL,ACC,7,6.47,5.84,4.53,C,Second Round
2023 Penn St.,2023,Penn St.,Big 10,10,6.46,6.52,3.88,C,Second Round
2022 Providence,2022,Providence,Big East,4,6.46,5.42,5,C,Sweet 16
2014 Arizona St.,2014,Arizona St.,Pac 12,10,6.45,5.55,4.81,C,First Round
2019 Baylor,2019,Baylor,Big 12,9,6.45,5.79,4.6,C,Second Round
2021 Clemson,2021,Clemson,ACC,7,6.45,4.15,6.41,C,First Round
2009 LSU,2009,LSU,SEC,8,6.45,5.38,5.02,C,Second Round
2016 Michigan,2016,Michigan,Big 10,11,6.45,5.63,4.83,C,First Round
2008 Arkansas,2008,Arkansas,SEC,9,6.44,5.07,5.32,C,Second Round
2015 Oklahoma St.,2015,Oklahoma St.,Big 12,9,6.44,5.01,5.45,C,First Round
2023 Providence,2023,Providence,Big East,11,6.44,6.31,4.08,C,First Round
2017 Northwestern,2017,Northwestern,Big 10,8,6.43,5.04,5.41,C,Second Round
2018 Rhode Island,2018,Rhode Island,A10,7,6.43,5.2,5.2,C,Second Round
2011 St. John's,2011,St. John's,Big East,6,6.43,4.99,5.49,C,First Round
2017 Michigan St.,2017,Michigan St.,Big 10,9,6.42,5.07,5.32,C,Second Round
2010 Murray St.,2010,Murray St.,OVC,13,6.42,4.75,5.63,C,Second Round
2010 Richmond,2010,Richmond,A10,7,6.42,4.29,6.19,C,First Round
2012 Connecticut,2012,Connecticut,Big East,9,6.41,5.1,5.29,C,First Round
2008 Oklahoma,2008,Oklahoma,Big 12,6,6.41,4.56,5.88,C,Second Round
2012 West Virginia,2012,West Virginia,Big East,10,6.41,5.67,4.65,C,First Round
2019 Ohio St.,2019,Ohio St.,Big 10,11,6.4,4.71,5.68,C,Second Round
2011 Michigan St.,2011,Michigan St.,Big 10,10,6.39,4.81,5.52,C,First Round
2018 Missouri,2018,Missouri,SEC,8,6.39,5.43,4.97,C,First Round
2015 Purdue,2015,Purdue,Big 10,9,6.39,5.12,5.24,C,First Round
2019 Utah St.,2019,Utah St.,MWC,8,6.39,5.33,5.03,C,First Round
2010 Wake Forest,2010,Wake Forest,ACC,9,6.39,4.88,5.48,C,Second Round
2011 Texas A&M,2011,Texas A&M,Big 12,7,6.38,4.35,6.06,C,First Round
2021 Virginia Tech,2021,Virginia Tech,ACC,10,6.38,5.06,5.26,C,First Round
2017 Arkansas,2017,Arkansas,SEC,8,6.37,6.18,4.13,C,Second Round
2011 Michigan,2011,Michigan,Big 10,8,6.37,4.57,5.83,C,Second Round
2008 Saint Mary's,2008,Saint Mary's,WCC,10,6.37,5.03,5.3,C,First Round
2016 Yale,2016,Yale,Ivy,12,6.37,4.54,5.81,C,Second Round
2024 Colorado St.,2024,Colorado St.,MWC,7,6.37,6.38,4,C,Second Round
2018 Kansas St.,2018,Kansas St.,Big 12,9,6.36,5.15,5.2,C,Elite Eight
2021 Missouri,2021,Missouri,SEC,9,6.36,5.13,5.19,C,First Round
2018 Oklahoma,2018,Oklahoma,Big 12,10,6.36,6.13,4.18,C,First Round
2021 Utah St.,2021,Utah St.,MWC,11,6.36,3.91,6.54,C,First Round
2013 Oklahoma,2013,Oklahoma,Big 12,10,6.34,5.43,4.81,C,First Round
2022 Seton Hall,2022,Seton Hall,Big East,8,6.34,4.65,5.65,C,First Round
2010 Cornell,2010,Cornell,Ivy,12,6.33,6.08,4.16,C,Sweet 16
2015 St. John's,2015,St. John's,Big East,9,6.33,5.32,4.92,C,First Round
2013 Butler,2013,Butler,A10,6,6.32,4.98,5.29,C,Second Round
2022 Notre Dame,2022,Notre Dame,ACC,11,6.32,5.69,4.51,C,Second Round
2022 USC,2022,USC,Pac 12,7,6.32,5.08,5.16,C,First Round
2014 Xavier,2014,Xavier,Big East,12,6.32,5.57,4.68,C,First Round
2015 Indiana,2015,Indiana,Big 10,10,6.31,7.42,2.74,C,First Round
2017 Middle Tennessee,2017,Middle Tennessee,CUSA,12,6.31,5.23,4.98,C,Second Round
2009 Temple,2009,Temple,A10,11,6.31,4.54,5.74,C,First Round
2009 Utah,2009,Utah,MWC,5,6.31,4.95,5.41,C,First Round
2008 BYU,2008,BYU,MWC,8,6.3,4.52,5.79,C,First Round
2017 Maryland,2017,Maryland,Big 10,6,6.3,5.51,4.73,C,First Round
2019 Mississippi,2019,Mississippi,SEC,8,6.3,5.53,4.71,C,First Round
2008 Saint Joseph's,2008,Saint Joseph's,A10,11,6.3,5.85,4.35,C,First Round
2018 Arizona St.,2018,Arizona St.,Pac 12,11,6.29,6.49,3.73,C,First Round
2018 Loyola Chicago,2018,Loyola Chicago,MVC,11,6.29,5.09,5.11,C,Final Four
2023 NC St.,2023,NC St.,ACC,11,6.28,5.74,4.45,C,First Round
2013 Oregon,2013,Oregon,Pac 12,12,6.28,4.65,5.58,C,Sweet 16
2024 Ohio St.,2024,Ohio St.,Big 10,11,6.28,5.87,4.35,C,First Round
2015 Georgia,2015,Georgia,SEC,10,6.27,4.77,5.46,C,First Round
2022 Iowa St.,2022,Iowa St.,Big 12,11,6.27,3.54,6.82,C,Sweet 16
2018 NC St.,2018,NC St.,ACC,9,6.27,6.21,3.94,C,First Round
2016 Saint Joseph's,2016,Saint Joseph's,A10,8,6.27,5.8,4.36,C,Second Round
2022 Boise St.,2022,Boise St.,MWC,8,6.26,4.47,5.79,C,First Round
2013 California,2013,California,Pac 12,12,6.26,4.75,5.39,C,Second Round
2023 USC,2023,USC,Pac 12,10,6.26,5.29,4.89,C,First Round
2017 VCU,2017,VCU,A10,10,6.26,4.75,5.44,C,First Round
2021 VCU,2021,VCU,A10,10,6.26,3.74,6.6,C,First Round
2022 Davidson,2022,Davidson,A10,10,6.25,6.63,3.47,C,First Round
2011 Old Dominion,2011,Old Dominion,CAA,9,6.25,4,6.25,C,First Round
2015 San Diego St.,2015,San Diego St.,MWC,8,6.25,2.87,7.59,C,Second Round
2017 Virginia Tech,2017,Virginia Tech,ACC,9,6.25,6.52,3.63,C,First Round
2024 Indiana St.,2024,Indiana St.,MVC,12,6.25,6.16,4.05,C,Second Round
2014 George Washington,2014,George Washington,A10,9,6.23,4.95,5.19,C,First Round
2013 Illinois,2013,Illinois,Big 10,7,6.23,5.04,5.13,C,Second Round
2010 San Diego St.,2010,San Diego St.,MWC,11,6.23,4.78,5.44,C,First Round
2010 Siena,2010,Siena,MAAC,13,6.23,5.4,4.67,C,First Round
2018 Syracuse,2018,Syracuse,ACC,11,6.23,4.09,6.13,C,Sweet 16
2014 Texas,2014,Texas,Big 12,7,6.23,5.17,4.96,C,Second Round
2013 Boise St.,2013,Boise St.,MWC,13,6.22,5.73,4.35,C,First Round
2012 Long Beach St.,2012,Long Beach St.,Big West,12,6.22,5.21,4.89,C,First Round
2014 Massachusetts,2014,Massachusetts,A10,6,6.22,5.51,4.53,C,First Round
2018 San Diego St.,2018,San Diego St.,MWC,11,6.22,5.01,5.11,C,First Round
2011 Tennessee,2011,Tennessee,SEC,9,6.22,4.79,5.36,C,First Round
2024 Utah St.,2024,Utah St.,MWC,7,6.22,5.6,4.55,C,Second Round
2014 Kansas St.,2014,Kansas St.,Big 12,9,6.2,4.11,6.09,C,First Round
2023 Mississippi St.,2023,Mississippi St.,SEC,11,6.2,3.65,6.55,C,First Round
2015 Cincinnati,2015,Cincinnati,AAC,8,6.19,3.57,6.66,C,Second Round
2016 Dayton,2016,Dayton,A10,7,6.19,4.12,6.03,C,First Round
2009 Maryland,2009,Maryland,ACC,10,6.19,4.98,5.05,C,Second Round
2014 Providence,2014,Providence,Big East,11,6.19,5.81,4.27,C,First Round
2022 UAB,2022,UAB,CUSA,12,6.19,5.45,4.62,C,First Round
2008 Baylor,2008,Baylor,Big 12,11,6.18,7.05,2.88,C,First Round
2024 Miami FL,2024,Miami FL,ACC,9,6.18,6.17,3.88,C,Second Round
2022 Vermont,2022,Vermont,America East,13,6.18,5.38,4.6,D,First Round
2015 Dayton,2015,Dayton,A10,11,6.17,4.46,5.63,C,Second Round
2011 Georgia,2011,Georgia,SEC,10,6.17,4.54,5.5,C,First Round
2013 UCLA,2013,UCLA,Pac 12,6,6.17,5.91,4.07,C,First Round
2024 Princeton,2024,Princeton,Ivy,12,6.17,6.72,3.34,C,First Round
2016 Stephen F. Austin,2016,Stephen F. Austin,Southland,14,6.17,4.82,5.28,D,Second Round
2012 Harvard,2012,Harvard,Ivy,12,6.16,3.88,6.27,C,First Round
2009 Michigan,2009,Michigan,Big 10,10,6.16,5.02,5.05,C,Second Round
2012 NC St.,2012,NC St.,ACC,11,6.15,5.72,4.24,C,Sweet 16
2008 UNLV,2008,UNLV,MWC,8,6.15,4.63,5.43,C,Second Round
2009 Minnesota,2009,Minnesota,Big 10,10,6.12,4.07,6.04,C,First Round
2014 Stanford,2014,Stanford,Pac 12,10,6.12,5.44,4.57,C,Sweet 16
2024 Boise St.,2024,Boise St.,MWC,8,6.12,4.68,5.34,C,First Round
2019 Belmont,2019,Belmont,OVC,11,6.11,6.1,3.83,C,First Round
2012 BYU,2012,BYU,WCC,14,6.11,5.09,4.8,C,First Round
2022 Miami FL,2022,Miami FL,ACC,10,6.11,6.17,3.77,C,Elite Eight
2015 Mississippi,2015,Mississippi,SEC,11,6.11,6.01,3.89,C,First Round
2015 Stephen F. Austin,2015,Stephen F. Austin,Southland,12,6.11,5.88,4.05,C,First Round
2008 Vanderbilt,2008,Vanderbilt,SEC,4,6.11,6.24,3.61,C,First Round
2008 Villanova,2008,Villanova,Big East,12,6.11,5,4.93,C,Sweet 16
2013 La Salle,2013,La Salle,A10,13,6.1,5.34,4.59,C,Sweet 16
2011 USC,2011,USC,Pac 12,11,6.1,3.88,6.17,C,First Round
2016 Colorado,2016,Colorado,Pac 12,8,6.09,4.71,5.21,C,First Round
2017 Seton Hall,2017,Seton Hall,Big East,9,6.09,4.87,5.07,C,First Round
2019 Washington,2019,Washington,Pac 12,9,6.09,4.2,5.79,C,Second Round
2018 Alabama,2018,Alabama,SEC,9,6.08,4.44,5.55,C,Second Round
2009 Arizona,2009,Arizona,Pac 12,12,6.08,6.37,3.56,C,Sweet 16
2019 Murray St.,2019,Murray St.,OVC,12,6.08,5.43,4.46,C,Second Round
2017 Nevada,2017,Nevada,MWC,12,6.08,6.05,3.84,C,First Round
2009 Texas A&M,2009,Texas A&M,Big 12,9,6.08,5.12,4.79,C,First Round
2016 Texas Tech,2016,Texas Tech,Big 12,8,6.08,5.19,4.78,C,First Round
2024 Memphis,2024,Memphis,AAC,3,6.08,5.47,4.48,D,Second Round
2019 Minnesota,2019,Minnesota,Big 10,10,6.07,4.92,5,C,Second Round
2008 Western Kentucky,2008,Western Kentucky,Sun Belt,12,6.07,5.54,4.28,C,Sweet 16
2024 Providence,2024,Providence,Big East,11,6.07,3.99,5.99,C,First Round
2012 Iona,2012,Iona,MAAC,14,6.07,7.14,2.64,D,First Round
2016 USC,2016,USC,Pac 12,8,6.06,6.08,3.78,C,First Round
2009 VCU,2009,VCU,CAA,11,6.06,4.94,4.94,C,First Round
2023 Missouri,2023,Missouri,SEC,7,6.05,6.8,3.09,C,Second Round
2018 UCLA,2018,UCLA,Pac 12,11,6.05,6.18,3.71,C,First Round
2024 Kansas St.,2024,Kansas St.,Big 12,11,6.05,4.65,5.26,C,First Round
2013 Colorado,2013,Colorado,Pac 12,10,6.04,4.25,5.7,C,First Round
2012 Murray St.,2012,Murray St.,OVC,6,6.04,4.62,5.29,C,Second Round
2013 Villanova,2013,Villanova,Big East,9,6.04,4.37,5.53,C,First Round
2014 BYU,2014,BYU,WCC,10,6.03,6.68,3.06,C,First Round
2015 LSU,2015,LSU,SEC,9,6.03,5.18,4.62,C,First Round
2011 Penn St.,2011,Penn St.,Big 10,10,6.03,4.42,5.55,C,First Round
2015 Boise St.,2015,Boise St.,MWC,11,6.02,5.09,4.75,C,First Round
2014 Dayton,2014,Dayton,A10,11,6.02,5.5,4.36,C,Elite Eight
2022 Marquette,2022,Marquette,Big East,9,6.02,4.75,5.11,C,First Round
2017 Providence,2017,Providence,Big East,11,6.02,4.44,5.42,C,First Round
2023 VCU,2023,VCU,A10,12,6.02,3.92,6.01,C,First Round
2013 Davidson,2013,Davidson,Southern,14,6.02,5.59,4.23,D,First Round
2012 VCU,2012,VCU,CAA,12,6,4.29,5.57,C,Second Round
2024 Nebraska,2024,Nebraska,Big 10,10,5.99,5.82,4.02,C,First Round
2024 Northwestern,2024,Northwestern,Big 10,10,5.99,5.5,4.3,C,First Round
2013 Akron,2013,Akron,MAC,12,5.98,4.6,5.2,C,First Round
2013 Bucknell,2013,Bucknell,Patriot,11,5.98,3.96,5.92,C,First Round
2023 Drake,2023,Drake,MVC,12,5.98,4.74,5.06,C,First Round
2019 New Mexico St.,2019,New Mexico St.,WAC,12,5.97,5.45,4.31,C,First Round
2009 Boston College,2009,Boston College,ACC,7,5.96,5.96,3.75,C,First Round
2008 Kent St.,2008,Kent St.,MAC,9,5.96,4.28,5.54,C,First Round
2016 Providence,2016,Providence,Big East,9,5.96,4.8,4.98,C,Second Round
2014 Saint Joseph's,2014,Saint Joseph's,A10,10,5.96,5.17,4.62,C,First Round
2009 Utah St.,2009,Utah St.,WAC,11,5.96,5.59,4.24,C,First Round
2022 Creighton,2022,Creighton,Big East,9,5.95,3.94,5.88,C,Second Round
2014 North Dakota St.,2014,North Dakota St.,Summit,12,5.95,5.84,3.98,D,Second Round
2016 Little Rock,2016,Little Rock,Sun Belt,12,5.94,3.76,6.1,C,Second Round
2021 Georgetown,2021,Georgetown,Big East,12,5.94,4.45,5.32,C,First Round
2012 Notre Dame,2012,Notre Dame,Big East,7,5.94,4.43,5.37,C,First Round
2023 Iona,2023,Iona,MAAC,13,5.94,5.1,4.62,D,First Round
2017 Vermont,2017,Vermont,America East,13,5.94,5.09,4.65,D,First Round
2022 Colorado St.,2022,Colorado St.,MWC,6,5.93,5.73,3.98,C,First Round
2021 Colgate,2021,Colgate,Patriot,14,5.93,5.63,4.04,D,First Round
2017 Princeton,2017,Princeton,Ivy,12,5.92,4.76,4.95,C,First Round
2021 Drake,2021,Drake,MVC,11,5.91,5.66,4.02,C,First Round
2023 Nevada,2023,Nevada,MWC,11,5.9,5.04,4.64,C,First Round
2021 UC Santa Barbara,2021,UC Santa Barbara,Big West,12,5.9,4.98,4.67,C,First Round
2024 Oregon,2024,Oregon,Pac 12,11,5.89,5.77,3.89,C,First Round
2023 Arizona St.,2023,Arizona St.,Pac 12,11,5.87,4.14,5.55,C,First Round
2013 Temple,2013,Temple,A10,9,5.87,5.43,4.19,C,Second Round
2009 North Dakota St.,2009,North Dakota St.,Summit,14,5.87,6.46,3.08,D,First Round
2023 Charleston,2023,Charleston,CAA,12,5.86,5.01,4.62,D,First Round
2021 Michigan St.,2021,Michigan St.,Big 10,11,5.85,4.3,5.35,C,First Round
2018 New Mexico St.,2018,New Mexico St.,WAC,12,5.85,4.26,5.43,C,First Round
2011 UAB,2011,UAB,CUSA,12,5.85,4.27,5.4,C,First Round
2012 Xavier,2012,Xavier,A10,10,5.85,4.75,4.83,C,Sweet 16
2017 USC,2017,USC,Pac 12,11,5.84,5.57,4,C,Second Round
2018 Providence,2018,Providence,Big East,10,5.84,4.53,5.08,D,First Round
2019 Seton Hall,2019,Seton Hall,Big East,10,5.83,4.62,5,D,First Round
2011 Oakland,2011,Oakland,Summit,13,5.82,7.4,2.05,C,First Round
2017 UNC Wilmington,2017,UNC Wilmington,CAA,12,5.82,6.6,2.98,C,First Round
2023 Pittsburgh,2023,Pittsburgh,ACC,11,5.81,5.73,3.85,D,Second Round
2012 Davidson,2012,Davidson,Southern,13,5.8,5.83,3.61,C,First Round
2012 St. Bonaventure,2012,St. Bonaventure,A10,14,5.8,4.81,4.74,C,First Round
2015 Buffalo,2015,Buffalo,MAC,12,5.79,5.51,3.97,D,First Round
2009 Siena,2009,Siena,MAAC,9,5.78,5.71,3.69,C,Second Round
2011 UCLA,2011,UCLA,Pac 12,7,5.77,4.46,5.08,C,Second Round
2024 Grand Canyon,2024,Grand Canyon,WAC,11,5.75,5.38,4.12,D,First Round
2014 Colorado,2014,Colorado,Pac 12,8,5.74,4.42,5.08,C,First Round
2008 Temple,2008,Temple,A10,12,5.74,5.31,4.15,C,First Round
2018 Murray St.,2018,Murray St.,OVC,12,5.74,5.51,3.96,D,First Round
2022 South Dakota St.,2022,South Dakota St.,Summit,13,5.74,6.59,2.86,D,First Round
2022 Chattanooga,2022,Chattanooga,Southern,13,5.73,4.89,4.57,D,First Round
2016 Oregon St.,2016,Oregon St.,Pac 12,7,5.71,4.64,4.84,C,First Round
2023 Kent St.,2023,Kent St.,MAC,13,5.71,4.2,5.27,D,First Round
2018 St. Bonaventure,2018,St. Bonaventure,A10,11,5.71,5.18,4.28,D,First Round
2009 Mississippi St.,2009,Mississippi St.,SEC,13,5.7,4.89,4.49,C,First Round
2019 Arizona St.,2019,Arizona St.,Pac 12,11,5.7,4.78,4.66,D,First Round
2012 Southern Miss,2012,Southern Miss,CUSA,9,5.69,5.17,4.22,C,First Round
2021 North Texas,2021,North Texas,CUSA,13,5.66,4.17,5.2,D,Second Round
2014 Nebraska,2014,Nebraska,Big 10,11,5.65,4.19,5.23,C,First Round
2008 South Alabama,2008,South Alabama,Sun Belt,10,5.65,5.2,4.16,C,First Round
2012 San Diego St.,2012,San Diego St.,MWC,6,5.65,4.3,5.07,D,First Round
2009 Cleveland St.,2009,Cleveland St.,Horizon,13,5.64,3.27,6.18,D,Second Round
2008 Kentucky,2008,Kentucky,SEC,11,5.64,3.96,5.42,D,First Round
2021 Oregon St.,2021,Oregon St.,Pac 12,12,5.64,5.06,4.26,D,Elite Eight
2013 Valparaiso,2013,Valparaiso,Horizon,14,5.64,4.9,4.45,D,First Round
2015 Georgia St.,2015,Georgia St.,Sun Belt,14,5.63,4.93,4.38,D,Second Round
2016 Tulsa,2016,Tulsa,AAC,11,5.63,5.03,4.31,D,First Round
2012 Ohio,2012,Ohio,MAC,13,5.62,4,5.34,D,Sweet 16
2012 South Dakota St.,2012,South Dakota St.,Summit,14,5.61,5.84,3.43,D,First Round
2024 Mississippi,2024,Mississippi,SEC,5,5.6,5.6,3.71,C,First Round
2012 South Florida,2012,South Florida,Big East,12,5.6,2.37,7.15,D,First Round
2015 UCLA,2015,UCLA,Pac 12,11,5.59,5.43,3.81,C,Sweet 16
2019 Liberty,2019,Liberty,ASUN,12,5.59,4.95,4.33,D,Second Round
2024 Seton Hall,2024,Seton Hall,Big East,9,5.59,5.21,4.1,D,First Round
2024 South Carolina,2024,South Carolina,SEC,8,5.58,4.87,4.43,C,First Round
2022 Rutgers,2022,Rutgers,Big 10,11,5.58,4.19,5.1,D,First Round
2023 Oral Roberts,2023,Oral Roberts,Summit,12,5.55,5.71,3.52,D,First Round
2014 New Mexico St.,2014,New Mexico St.,WAC,13,5.54,5.46,3.76,D,First Round
2018 Buffalo,2018,Buffalo,MAC,13,5.53,5.69,3.53,D,Second Round
2019 Vermont,2019,Vermont,America East,13,5.53,4.68,4.52,D,First Round
2011 VCU,2011,VCU,CAA,11,5.52,5.27,3.89,D,Final Four
2008 George Mason,2008,George Mason,CAA,12,5.51,4.69,4.55,D,First Round
2012 New Mexico St.,2012,New Mexico St.,WAC,13,5.51,5.38,3.72,D,First Round
2019 Temple,2019,Temple,AAC,11,5.51,4.76,4.4,D,First Round
2017 East Tennessee St.,2017,East Tennessee St.,Southern,13,5.5,4.34,4.84,D,First Round
2014 NC St.,2014,NC St.,ACC,12,5.5,5.49,3.67,D,First Round
2009 Dayton,2009,Dayton,A10,11,5.49,3.18,6.06,D,Second Round
2018 South Dakota St.,2018,South Dakota St.,Summit,12,5.49,5.83,3.3,D,First Round
2016 Stony Brook,2016,Stony Brook,America East,13,5.46,4.11,5.07,D,First Round
2015 Valparaiso,2015,Valparaiso,Horizon,13,5.45,3.84,5.31,D,First Round
2014 Manhattan,2014,Manhattan,MAAC,13,5.44,4.63,4.42,D,First Round
2016 Northern Iowa,2016,Northern Iowa,MVC,11,5.44,3.83,5.36,D,Second Round
2008 Oral Roberts,2008,Oral Roberts,Summit,13,5.42,3.3,5.86,D,First Round
2022 Richmond,2022,Richmond,A10,12,5.42,4.83,4.23,D,Second Round
2021 Wichita St.,2021,Wichita St.,AAC,11,5.39,4.53,4.53,D,First Round
2016 South Dakota St.,2016,South Dakota St.,Summit,12,5.38,4.99,4.03,D,First Round
2024 McNeese St.,2024,McNeese St.,Southland,12,5.38,5.28,3.77,D,Second Round
2024 UC Irvine,2024,UC Irvine,Big West,13,5.38,4.12,4.94,D,First Round
2015 Oregon,2015,Oregon,Pac 12,8,5.36,5.96,2.95,C,Second Round
2021 Ohio,2021,Ohio,MAC,13,5.35,5.43,3.52,D,Second Round
2014 Stephen F. Austin,2014,Stephen F. Austin,Southland,12,5.35,4.54,4.49,D,Second Round
2022 Wyoming,2022,Wyoming,MWC,12,5.31,4.71,4.22,D,First Round
2021 Abilene Christian,2021,Abilene Christian,Southland,14,5.3,3.11,5.92,D,Second Round
2019 St. John's,2019,St. John's,Big East,11,5.3,4.87,4.05,D,First Round
2010 Wofford,2010,Wofford,Southern,13,5.28,3.44,5.51,D,First Round
2021 Liberty,2021,Liberty,ASUN,13,5.25,5.02,3.82,D,First Round
2014 North Carolina Central,2014,North Carolina Central,MEAC,14,5.25,3.94,4.99,D,First Round
2021 Winthrop,2021,Winthrop,Big South,12,5.25,4.02,4.83,D,First Round
2019 Yale,2019,Yale,Ivy,14,5.25,5.22,3.64,D,First Round
2014 Mercer,2014,Mercer,ASUN,14,5.23,4.86,3.94,F,Second Round
2012 Lehigh,2012,Lehigh,Patriot,15,5.22,5,3.75,D,Second Round
2009 Northern Iowa,2009,Northern Iowa,MVC,12,5.21,4.39,4.47,D,First Round
2019 UC Irvine,2019,UC Irvine,Big West,13,5.21,3.95,4.9,D,Second Round
2018 UNC Greensboro,2018,UNC Greensboro,Southern,13,5.21,3.59,5.29,D,First Round
2010 Houston,2010,Houston,CUSA,13,5.2,6.13,2.53,F,First Round
2015 Harvard,2015,Harvard,Ivy,13,5.19,3,5.9,D,First Round
2016 Temple,2016,Temple,AAC,10,5.19,3.89,4.93,D,First Round
2021 Grand Canyon,2021,Grand Canyon,WAC,15,5.18,4.01,4.73,D,First Round
2012 Colorado,2012,Colorado,Pac 12,11,5.17,3.75,5.01,D,Second Round
2016 Hawaii,2016,Hawaii,Big West,13,5.13,4.37,4.29,C,Second Round
2012 Colorado St.,2012,Colorado St.,MWC,11,5.11,5.39,3.29,D,First Round
2008 Winthrop,2008,Winthrop,Big South,13,5.11,2.03,6.83,D,First Round
2024 Samford,2024,Samford,Southern,13,5.11,5.32,3.34,D,First Round
2017 Bucknell,2017,Bucknell,Patriot,13,5.09,4.53,4.13,D,First Round
2008 Georgia,2008,Georgia,SEC,14,5.09,3.46,5.23,D,First Round
2009 Akron,2009,Akron,MAC,13,5.05,3.23,5.43,D,First Round
2011 Memphis,2011,Memphis,CUSA,12,5.05,4.17,4.39,D,First Round
2018 Montana,2018,Montana,Big Sky,14,5.04,4.36,4.26,D,First Round
2014 Tulsa,2014,Tulsa,CUSA,13,5.04,4.04,4.55,D,First Round
2022 New Mexico St.,2022,New Mexico St.,WAC,12,5.03,4.22,4.36,D,Second Round
2011 Princeton,2011,Princeton,Ivy,13,5.03,3.75,4.89,D,First Round
2010 Sam Houston St.,2010,Sam Houston St.,Southland,14,5.03,5.5,3.04,F,First Round
2023 Furman,2023,Furman,Southern,13,5.02,5.69,2.89,D,Second Round
2011 Wofford,2011,Wofford,Southern,14,5.02,5.25,3.31,F,First Round
2018 Bucknell,2018,Bucknell,Patriot,14,5.01,4.7,3.89,D,First Round
2019 Northeastern,2019,Northeastern,CAA,13,5.01,5.25,3.31,D,First Round
2015 UC Irvine,2015,UC Irvine,Big West,13,5,3.89,4.66,D,First Round
2013 Iona,2013,Iona,MAAC,15,4.99,6.95,1.45,D,First Round
2023 Louisiana,2023,Louisiana,Sun Belt,13,4.99,5.27,3.26,D,First Round
2016 UNC Wilmington,2016,UNC Wilmington,CAA,13,4.99,4.97,3.51,F,First Round
2024 Drexel,2024,Drexel,CAA,13,4.97,3.93,4.62,D,First Round
2008 Cal St. Fullerton,2008,Cal St. Fullerton,Big West,14,4.97,6.07,2.34,F,First Round
2009 Stephen F. Austin,2009,Stephen F. Austin,Southland,14,4.94,1.62,7.08,D,First Round
2024 Akron,2024,Akron,MAC,13,4.93,4.54,3.98,D,First Round
2012 Montana,2012,Montana,Big Sky,13,4.91,3.17,5.33,D,First Round
2013 New Mexico St.,2013,New Mexico St.,WAC,13,4.91,3.68,4.78,D,First Round
2021 UNC Greensboro,2021,UNC Greensboro,Southern,13,4.88,3.54,4.96,D,First Round
2008 Siena,2008,Siena,MAAC,13,4.88,4.95,3.39,F,Second Round
2019 Northern Kentucky,2019,Northern Kentucky,Horizon,14,4.87,4.59,3.79,D,First Round
2021 Eastern Washington,2021,Eastern Washington,Big Sky,14,4.82,4.66,3.62,D,First Round
2018 Georgia St.,2018,Georgia St.,Sun Belt,15,4.81,4.38,3.96,F,First Round
2010 Montana,2010,Montana,Big Sky,14,4.81,3.48,4.96,F,First Round
2015 New Mexico St.,2015,New Mexico St.,WAC,15,4.81,3.85,4.49,F,First Round
2013 South Dakota St.,2013,South Dakota St.,Summit,13,4.8,5.29,3.02,D,First Round
2009 Cornell,2009,Cornell,Ivy,14,4.79,4.73,3.55,F,First Round
2016 Iona,2016,Iona,MAAC,13,4.79,5.41,2.82,F,First Round
2011 Morehead St.,2011,Morehead St.,OVC,13,4.78,3.53,4.83,F,Second Round
2017 New Mexico St.,2017,New Mexico St.,WAC,14,4.78,4.72,3.54,F,First Round
2016 Chattanooga,2016,Chattanooga,Southern,12,4.75,3.93,4.36,D,First Round
2011 Bucknell,2011,Bucknell,Patriot,14,4.74,3.54,4.7,D,First Round
2019 Saint Louis,2019,Saint Louis,A10,13,4.74,3.03,5.27,D,First Round
2023 Grand Canyon,2023,Grand Canyon,WAC,14,4.74,5.19,3.1,F,First Round
2010 Ohio,2010,Ohio,MAC,14,4.74,4.58,3.58,F,Second Round
2012 Lamar,2012,Lamar,Southland,16,4.72,4.45,3.75,F,First Round
2023 Princeton,2023,Princeton,Ivy,15,4.7,4.58,3.61,D,First Round
2017 Florida Gulf Coast,2017,Florida Gulf Coast,ASUN,14,4.7,4.8,3.43,F,First Round
2023 Vermont,2023,Vermont,America East,15,4.69,4.83,3.31,D,First Round
2015 Wofford,2015,Wofford,Southern,12,4.68,3.01,5.26,D,First Round
2023 Colgate,2023,Colgate,Patriot,15,4.64,5.59,2.53,D,First Round
2023 Montana St.,2023,Montana St.,Big Sky,14,4.64,3.79,4.29,D,First Round
2009 Western Kentucky,2009,Western Kentucky,Sun Belt,12,4.63,4.81,3.27,F,Second Round
2014 Delaware,2014,Delaware,CAA,13,4.58,5.86,2.13,F,First Round
2019 Georgia St.,2019,Georgia St.,Sun Belt,14,4.58,4.46,3.57,F,First Round
2011 Indiana St.,2011,Indiana St.,MVC,14,4.57,3.18,4.82,F,First Round
2016 Cal St. Bakersfield,2016,Cal St. Bakersfield,WAC,15,4.55,3.12,4.89,D,First Round
2022 Saint Peter's,2022,Saint Peter's,MAAC,15,4.54,2.45,5.65,D,Elite Eight
2018 Stephen F. Austin,2018,Stephen F. Austin,Southland,14,4.54,3.54,4.48,F,First Round
2019 Old Dominion,2019,Old Dominion,CUSA,14,4.53,2.8,5.26,D,First Round
2018 Penn,2018,Penn,Ivy,16,4.53,3.36,4.64,D,First Round
2012 UNC Asheville,2012,UNC Asheville,Big South,16,4.53,5.52,2.43,F,First Round
2015 Wyoming,2015,Wyoming,MWC,12,4.48,2.64,5.41,D,First Round
2016 Fresno St.,2016,Fresno St.,MWC,14,4.47,4.09,3.8,F,First Round
2014 Louisiana,2014,Louisiana,Sun Belt,14,4.47,5.38,2.45,F,First Round
2017 Nebraska,2017,Nebraska,Big 10,8,4.47,3.57,4.3,F,Second Round
2013 Harvard,2013,Harvard,Ivy,14,4.46,4.18,3.73,F,Second Round
2009 East Tennessee St.,2009,East Tennessee St.,ASUN,16,4.44,4.6,3.22,F,First Round
2018 Marshall,2018,Marshall,CUSA,13,4.43,4.54,3.33,F,Second Round
2008 Cornell,2008,Cornell,Ivy,14,4.41,5.23,2.61,F,First Round
2017 Winthrop,2017,Winthrop,Big South,13,4.39,3.98,3.89,F,First Round
2015 Northeastern,2015,Northeastern,CAA,14,4.38,4.16,3.62,F,First Round
2023 UC Santa Barbara,2023,UC Santa Barbara,Big West,14,4.37,4.8,3.01,D,First Round
2009 American,2009,American,Patriot,14,4.37,3.09,4.78,F,First Round
2024 Eastern Washington,2024,Eastern Washington,Big Sky,14,4.37,4.84,3.01,F,First Round
2024 Vermont,2024,Vermont,America East,14,4.35,4.58,3.21,D,First Round
2013 Pacific,2013,Pacific,Big West,15,4.35,3.71,4.1,F,First Round
2009 Portland St.,2009,Portland St.,Big Sky,13,4.35,4.84,2.87,F,First Round
2024 High Point,2024,High Point,Big South,14,4.35,5.76,2.06,F,First Round
2012 Detroit Mercy,2012,Detroit Mercy,Horizon,15,4.34,4.74,2.97,F,First Round
2011 LIU,2011,LIU,NEC,15,4.34,5.62,2.02,F,First Round
2008 Portland St.,2008,Portland St.,Big Sky,16,4.34,4.53,3.22,F,First Round
2013 Florida Gulf Coast,2013,Florida Gulf Coast,ASUN,15,4.33,3.98,3.7,F,Sweet 16
2022 Colgate,2022,Colgate,Patriot,14,4.32,4.58,3.17,F,First Round
2014 Eastern Kentucky,2014,Eastern Kentucky,OVC,15,4.31,5.15,2.64,F,First Round
2022 Akron,2022,Akron,MAC,13,4.3,4.19,3.56,F,First Round
2010 Oakland,2010,Oakland,Summit,14,4.29,4.94,2.71,F,First Round
2014 American,2014,American,Patriot,15,4.26,2.32,5.47,F,First Round
2009 Cal St. Northridge,2009,Cal St. Northridge,Big West,15,4.25,3.8,3.75,F,First Round
2019 Montana,2019,Montana,Big Sky,15,4.22,4.3,3.34,F,First Round
2012 Vermont,2012,Vermont,America East,16,4.22,3.36,4.32,F,First Round
2018 Charleston,2018,Charleston,CAA,13,4.21,4.47,3.21,F,First Round
2014 Western Michigan,2014,Western Michigan,MAC,14,4.21,3.92,3.71,F,First Round
2011 Akron,2011,Akron,MAC,15,4.2,3.47,4.15,F,First Round
2008 San Diego,2008,San Diego,WCC,13,4.18,2.7,4.92,F,Second Round
2019 Colgate,2019,Colgate,Patriot,15,4.17,4.78,2.79,F,First Round
2023 Kennesaw St.,2023,Kennesaw St.,ASUN,14,4.17,3.63,3.94,F,First Round
2010 New Mexico St.,2010,New Mexico St.,WAC,12,4.16,5.65,1.81,F,First Round
2008 Boise St.,2008,Boise St.,WAC,14,4.15,5.34,2.07,F,First Round
2015 Eastern Washington,2015,Eastern Washington,Big Sky,13,4.15,6.14,1.34,F,First Round
2016 Weber St.,2016,Weber St.,Big Sky,15,4.14,3.39,4.14,F,First Round
2012 Loyola MD,2012,Loyola MD,MAAC,15,4.13,3.23,4.29,F,First Round
2011 Northern Colorado,2011,Northern Colorado,Big Sky,15,4.13,3.99,3.49,F,First Round
2008 UMBC,2008,UMBC,America East,15,4.12,5.4,2.17,F,First Round
2016 UNC Asheville,2016,UNC Asheville,Big South,15,4.1,3.41,4.12,F,First Round
2013 Northwestern St.,2013,Northwestern St.,Southland,14,4.09,5.02,2.32,F,First Round
2018 Iona,2018,Iona,MAAC,15,4.07,4.96,2.54,F,First Round
2015 Albany,2015,Albany,America East,14,4.05,3.46,4.04,F,First Round
2016 Middle Tennessee,2016,Middle Tennessee,CUSA,15,4.03,2.96,4.46,F,Second Round
2010 Vermont,2010,Vermont,America East,16,3.99,3.47,3.9,F,First Round
2022 Jacksonville St.,2022,Jacksonville St.,ASUN,15,3.98,4.01,3.3,F,First Round
2018 Wright St.,2018,Wright St.,Horizon,14,3.98,2.51,4.88,F,First Round
2017 Iona,2017,Iona,MAAC,14,3.97,4.93,2.36,F,First Round
2022 Longwood,2022,Longwood,Big South,14,3.96,4.11,3.18,F,First Round
2009 Robert Morris,2009,Robert Morris,NEC,15,3.95,3.31,3.99,F,First Round
2011 Saint Peter's,2011,Saint Peter's,MAAC,14,3.94,1.19,6.3,D,First Round
2016 Green Bay,2016,Green Bay,Horizon,14,3.94,5.28,1.9,F,First Round
2015 North Florida,2015,North Florida,ASUN,16,3.94,4.77,2.53,F,First Round
2024 Oakland,2024,Oakland,Horizon,14,3.94,4.36,2.87,F,First Round
2011 UC Santa Barbara,2011,UC Santa Barbara,Big West,15,3.93,3.12,4.2,F,First Round
2008 Belmont,2008,Belmont,ASUN,15,3.92,5.13,2.14,F,First Round
2015 Coastal Carolina,2015,Coastal Carolina,Big South,16,3.92,3.53,3.81,F,First Round
2017 Troy,2017,Troy,Sun Belt,15,3.91,4.76,2.54,F,First Round
2016 Buffalo,2016,Buffalo,MAC,14,3.9,4.26,2.96,F,First Round
2022 Delaware,2022,Delaware,CAA,15,3.89,4.27,2.91,F,First Round
2010 UC Santa Barbara,2010,UC Santa Barbara,Big West,15,3.87,2.7,4.49,F,First Round
2024 Troy,2024,Troy,Sun Belt,15,3.84,3.43,3.77,F,First Round
2010 Morgan St.,2010,Morgan St.,MEAC,15,3.82,4.53,2.59,F,First Round
2015 Belmont,2015,Belmont,OVC,15,3.79,5.04,2.07,F,First Round
2021 Morehead St.,2021,Morehead St.,OVC,14,3.78,2.56,4.6,F,First Round
2022 Georgia St.,2022,Georgia St.,Sun Belt,16,3.77,2.95,4.17,F,First Round
2021 Drexel,2021,Drexel,CAA,16,3.75,4.24,2.8,F,First Round
2017 Kent St.,2017,Kent St.,MAC,14,3.75,3.6,3.48,F,First Round
2013 Montana,2013,Montana,Big Sky,13,3.75,3.59,3.5,F,First Round
2022 Montana St.,2022,Montana St.,Big Sky,14,3.75,3.53,3.52,F,First Round
2019 Abilene Christian,2019,Abilene Christian,Southland,15,3.72,3.38,3.68,F,First Round
2013 Albany,2013,Albany,America East,15,3.72,2.9,4.19,F,First Round
2015 UAB,2015,UAB,CUSA,14,3.7,3.72,3.28,F,Second Round
2021 Oral Roberts,2021,Oral Roberts,Summit,15,3.69,4.6,2.45,F,Sweet 16
2022 Yale,2022,Yale,Ivy,14,3.69,2.81,4.22,F,First Round
2021 Iona,2021,Iona,MAAC,15,3.66,3.05,3.84,F,First Round
2017 North Carolina Central,2017,North Carolina Central,MEAC,16,3.66,3.12,3.87,F,First Round
2012 LIU,2012,LIU,NEC,16,3.63,5.62,1.15,F,First Round
2008 American,2008,American,Patriot,15,3.62,3.38,3.68,F,First Round
2023 Northern Kentucky,2023,Northern Kentucky,Horizon,16,3.6,3.11,3.84,F,First Round
2011 UNC Asheville,2011,UNC Asheville,Big South,16,3.6,3.4,3.49,F,First Round
2015 Manhattan,2015,Manhattan,MAAC,16,3.59,3.41,3.4,F,First Round
2014 Weber St.,2014,Weber St.,Big Sky,16,3.59,3.72,3.32,F,First Round
2010 East Tennessee St.,2010,East Tennessee St.,ASUN,16,3.58,2.67,4.2,F,First Round
2023 UNC Asheville,2023,UNC Asheville,Big South,15,3.56,3.32,3.62,F,First Round
2017 North Dakota,2017,North Dakota,Big Sky,15,3.51,3.46,3.35,F,First Round
2019 Gardner Webb,2019,Gardner Webb,Big South,16,3.5,4.22,2.67,F,First Round
2017 Northern Kentucky,2017,Northern Kentucky,Horizon,15,3.5,3.84,2.94,F,First Round
2014 Milwaukee,2014,Milwaukee,Horizon,15,3.47,3.68,3.07,F,First Round
2009 Morgan St.,2009,Morgan St.,MEAC,15,3.47,2.43,4.35,F,First Round
2008 Austin Peay,2008,Austin Peay,OVC,15,3.45,3.91,2.81,F,First Round
2018 Lipscomb,2018,Lipscomb,ASUN,15,3.42,3.24,3.43,F,First Round
2013 Southern,2013,Southern,SWAC,16,3.41,2.16,4.62,F,First Round
2022 Norfolk St.,2022,Norfolk St.,MEAC,16,3.37,3.09,3.62,F,First Round
2022 Cal St. Fullerton,2022,Cal St. Fullerton,Big West,15,3.36,3.53,3.11,F,First Round
2009 Morehead St.,2009,Morehead St.,SWAC,16,3.33,3,3.67,F,First Round
2017 Jacksonville St.,2017,Jacksonville St.,OVC,15,3.32,3.73,2.86,F,First Round
2018 Cal St. Fullerton,2018,Cal St. Fullerton,Big West,15,3.27,3.17,3.42,F,First Round
2018 Radford,2018,Radford,Big South,16,3.27,3.14,3.44,F,First Round
2022 Wright St.,2022,Wright St.,Horizon,16,3.27,4.06,2.53,F,First Round
2011 Boston University,2011,Boston University,America East,16,3.26,2.99,3.57,F,First Round
2015 North Dakota St.,2015,North Dakota St.,Summit,15,3.23,2.51,4.02,F,First Round
2019 Bradley,2019,Bradley,MVC,15,3.22,2.67,3.82,F,First Round
2022 Bryant,2022,Bryant,NEC,16,3.19,3.52,2.95,F,First Round
2013 Western Kentucky,2013,Western Kentucky,Sun Belt,16,3.19,2.8,3.65,F,First Round
2021 Cleveland St.,2021,Cleveland St.,Horizon,15,3.17,2.62,3.78,F,First Round
2009 Radford,2009,Radford,OVC,16,3.17,3.35,3.01,F,First Round
2018 UMBC,2018,UMBC,America East,16,3.17,3.3,3.18,F,Second Round
2009 Binghamton,2009,Binghamton,America East,15,3.15,3.27,3.08,F,First Round
2010 North Texas,2010,North Texas,Sun Belt,15,3.13,3.6,2.69,F,First Round
2008 Mount St. Mary's,2008,Mount St. Mary's,NEC,16,3.12,2.34,4.04,F,First Round
2022 Texas Southern,2022,Texas Southern,SWAC,16,3.12,2.2,4.19,F,First Round
2016 Florida Gulf Coast,2016,Florida Gulf Coast,ASUN,16,3.11,3.13,3.2,F,First Round
2010 Lehigh,2010,Lehigh,Patriot,16,3.07,4.21,2.04,F,First Round
2010 Robert Morris,2010,Robert Morris,NEC,15,3.07,2.69,3.62,F,First Round
2015 Lafayette,2015,Lafayette,Patriot,16,3.04,5.56,0.85,F,First Round
2015 Robert Morris,2015,Robert Morris,NEC,16,3.03,3.1,3.17,F,First Round
2014 Albany,2014,Albany,America East,16,3.01,2.5,3.81,F,First Round
2014 Wofford,2014,Wofford,Southern,15,3,1.92,4.45,F,First Round
2021 Hartford,2021,Hartford,America East,16,2.98,2.07,4.17,F,First Round
2013 LIU,2013,LIU,NEC,16,2.98,5.58,0.63,F,First Round
2017 South Dakota St.,2017,South Dakota St.,Summit,16,2.98,4.78,1.52,F,First Round
2014 Cal Poly,2014,Cal Poly,Big West,16,2.97,1.99,4.32,F,First Round
2023 Texas A&M Corpus Chris,2023,Texas A&M Corpus Chris,Southland,16,2.97,3.9,2.29,F,First Round
2024 Sam Houston St.,2024,Sam Houston St.,CUSA,15,2.91,2.83,3.3,F,First Round
2008 UT Arlington,2008,UT Arlington,Southland,16,2.9,3.11,2.93,F,First Round
2024 Kennesaw St.,2024,Kennesaw St.,ASUN,16,2.89,3.17,3.02,F,First Round
2017 New Orleans,2017,New Orleans,Southland,16,2.87,2.49,3.58,F,First Round
2024 Southern,2024,Southern,SWAC,15,2.85,2.52,3.51,F,First Round
2013 James Madison,2013,James Madison,CAA,16,2.84,2.36,3.65,F,First Round
2019 North Dakota St.,2019,North Dakota St.,Summit,16,2.8,4.14,1.86,F,First Round
2019 Iona,2019,Iona,MAAC,16,2.78,4.14,1.93,F,First Round
2012 Norfolk St.,2012,Norfolk St.,MEAC,15,2.74,2.59,3.29,F,Second Round
2009 Alabama St.,2009,Alabama St.,OVC,16,2.7,2.54,3.36,F,First Round
2017 Texas Southern,2017,Texas Southern,SWAC,16,2.7,3.51,2.41,F,First Round
2024 Saint Peter's,2024,Saint Peter's,MAAC,16,2.69,1.99,3.88,F,First Round
2021 Appalachian St.,2021,Appalachian St.,Sun Belt,16,2.66,2.55,3.35,F,First Round
2009 Chattanooga,2009,Chattanooga,Southern,16,2.66,4.22,1.5,F,First Round
2024 Denver,2024,Denver,Summit,15,2.63,4.86,0.98,F,First Round
2017 Mount St. Mary's,2017,Mount St. Mary's,NEC,16,2.62,2.19,3.62,F,First Round
2024 Merrimack,2024,Merrimack,NEC,16,2.61,1.6,4.15,F,First Round
2019 Fairleigh Dickinson,2019,Fairleigh Dickinson,NEC,16,2.58,3.91,1.9,F,First Round
2019 Prairie View A&M,2019,Prairie View A&M,SWAC,16,2.49,2.91,2.73,F,First Round
2017 UC Davis,2017,UC Davis,Big West,16,2.48,2.07,3.53,F,First Round
2011 Little Rock,2011,Little Rock,Sun Belt,16,2.46,2.64,2.98,F,First Round
2011 Hampton,2011,Hampton,MEAC,16,2.46,1.27,4.39,F,First Round
2021 Mount St. Mary's,2021,Mount St. Mary's,NEC,16,2.46,1.7,3.89,F,First Round
2023 Howard,2023,Howard,MEAC,16,2.45,3.02,2.6,F,First Round
2012 Western Kentucky,2012,Western Kentucky,Sun Belt,16,2.45,2.16,3.38,F,First Round
2014 Coastal Carolina,2014,Coastal Carolina,Big South,16,2.44,2.06,3.53,F,First Round
2021 Texas Southern,2021,Texas Southern,SWAC,16,2.43,2.47,3.12,F,First Round
2021 Norfolk St.,2021,Norfolk St.,MEAC,16,2.41,2.43,3.13,F,First Round
2015 Texas Southern,2015,Texas Southern,SWAC,15,2.4,3.18,2.37,F,First Round
2010 Winthrop,2010,Winthrop,Big South,16,2.35,0.2,5.46,F,First Round
2014 Mount St. Mary's,2014,Mount St. Mary's,NEC,16,2.3,4.6,0.76,F,First Round
2024 North Carolina Central,2024,North Carolina Central,MEAC,16,2.22,2.53,2.9,F,First Round
2016 Austin Peay,2016,Austin Peay,OVC,16,2.21,3.5,1.83,F,First Round
2016 Southern,2016,Southern,SWAC,16,2.21,2.59,2.75,F,First Round
2013 North Carolina A&T,2013,North Carolina A&T,MEAC,16,2.2,0.9,4.42,F,First Round
2011 UTSA,2011,UTSA,Southland,16,2.17,2.79,2.4,F,First Round
2024 Western Illinois,2024,Western Illinois,OVC,16,2.17,2.17,3.11,F,First Round
2014 Texas Southern,2014,Texas Southern,SWAC,16,2.14,4.42,0.84,F,First Round
2022 Texas A&M Corpus Chris,2022,Texas A&M Corpus Chris,Southland,16,2.08,2.06,3.09,F,First Round
2010 Arkansas Pine Bluff,2010,Arkansas Pine Bluff,SWAC,16,1.99,0.99,4.09,F,First Round
2018 Texas Southern,2018,Texas Southern,SWAC,16,1.93,3.7,1.37,F,First Round
2023 Southeast Missouri St.,2023,Southeast Missouri St.,OVC,16,1.84,2.53,2.39,F,First Round
2012 Mississippi Valley St.,2012,Mississippi Valley St.,SWAC,16,1.83,2.58,2.26,F,First Round
2015 Hampton,2015,Hampton,MEAC,16,1.8,2.08,2.72,F,First Round
2018 LIU,2018,LIU,NEC,16,1.8,3.08,1.79,F,First Round
2016 Hampton,2016,Hampton,MEAC,16,1.64,2.61,2.01,F,First Round
2023 Fairleigh Dickinson,2023,Fairleigh Dickinson,NEC,16,1.36,3.9,0.58,F,Second Round
2013 Liberty,2013,Liberty,Big South,16,1.32,2.58,1.68,F,First Round
2019 North Carolina Central,2019,North Carolina Central,MEAC,16,1.32,1.91,2.36,F,First Round
2016 Fairleigh Dickinson,2016,Fairleigh Dickinson,NEC,16,1.26,3.87,0.35,F,First Round
2023 Texas Southern,2023,Texas Southern,SWAC,16,1.23,1.47,2.7,F,First Round
2016 Holy Cross,2016,Holy Cross,Patriot,16,1.02,1.18,2.76,F,First Round
2018 North Carolina Central,2018,North Carolina Central,MEAC,16,1,1.89,2.03,F,First Round
2024 Lafayette,2024,Lafayette,Patriot,16,0.96,0.41,3.43,F,First Round
2011 Alabama St.,2011,Alabama St.,SWAC,16,0.44,0.25,2.94,F,First Round
2008 Coppin St.,2008,Coppin St.,MEAC,16,0.28,0.2,2.8,F,First Round
2008 Mississippi Valley St.,2008,Mississippi Valley St.,SWAC,16,0,0.13,2.5,F,First Round