team_year,year,team,region,seed,finish,weekend,conference,logo
2019 Abilene Christian,2019,Abilene Christian,Midwest,15,First Round,1,Southland,
2021 Abilene Christian,2021,Abilene Christian,East,14,Second Round,1,Southland,
2009 Akron,2009,Akron,South,13,First Round,1,MAC,
2011 Akron,2011,Akron,Southwest,15,First Round,1,MAC,
2013 Akron,2013,Akron,South,12,First Round,1,MAC,
2022 Akron,2022,Akron,East,13,First Round,1,MAC,
2012 Alabama,2012,Alabama,Midwest,9,First Round,1,SEC,
2018 Alabama,2018,Alabama,East,9,Second Round,1,SEC,
2021 Alabama,2021,Alabama,East,2,Sweet 16,2,SEC,
2022 Alabama,2022,Alabama,West,6,First Round,1,SEC,
2023 Alabama,2023,Alabama,South,1,Sweet 16,2,SEC,
2009 Alabama St.,2009,Alabama St.,Midwest,16,First Round,1,OVC,
2011 Alabama St.,2011,Alabama St.,East,16,First Round,1,SWAC,
2013 Albany,2013,Albany,Midwest,15,First Round,1,America East,
2014 Albany,2014,Albany,South,16,First Round,1,America East,
2015 Albany,2015,Albany,East,14,First Round,1,America East,
2008 American,2008,American,East,15,First Round,1,Patriot,
2009 American,2009,American,East,14,First Round,1,Patriot,
2014 American,2014,American,West,15,First Round,1,Patriot,
2021 Appalachian St.,2021,Appalachian St.,West,16,First Round,1,Sun Belt,
2008 Arizona,2008,Arizona,West,10,First Round,1,Pac 12,
2009 Arizona,2009,Arizona,Midwest,12,Sweet 16,2,Pac 12,
2011 Arizona,2011,Arizona,West,5,Elite Eight,2,Pac 12,
2013 Arizona,2013,Arizona,West,6,Sweet 16,2,Pac 12,
2014 Arizona,2014,Arizona,West,1,Elite Eight,2,Pac 12,
2015 Arizona,2015,Arizona,West,2,Elite Eight,2,Pac 12,
2016 Arizona,2016,Arizona,South,6,First Round,1,Pac 12,
2017 Arizona,2017,Arizona,West,2,Sweet 16,2,Pac 12,
2018 Arizona,2018,Arizona,South,4,First Round,1,Pac 12,
2022 Arizona,2022,Arizona,South,1,Sweet 16,2,Pac 12,
2023 Arizona,2023,Arizona,South,2,First Round,1,Pac 12,
2009 Arizona St.,2009,Arizona St.,South,6,Second Round,1,Pac 12,
2014 Arizona St.,2014,Arizona St.,Midwest,10,First Round,1,Pac 12,
2018 Arizona St.,2018,Arizona St.,Midwest,11,First Round,1,Pac 12,
2019 Arizona St.,2019,Arizona St.,West,11,First Round,1,Pac 12,
2023 Arizona St.,2023,Arizona St.,West,11,First Round,1,Pac 12,
2008 Arkansas,2008,Arkansas,East,9,Second Round,1,SEC,
2015 Arkansas,2015,Arkansas,West,5,Second Round,1,SEC,
2017 Arkansas,2017,Arkansas,South,8,Second Round,1,SEC,
2018 Arkansas,2018,Arkansas,East,7,First Round,1,SEC,
2021 Arkansas,2021,Arkansas,South,3,Elite Eight,2,SEC,
2022 Arkansas,2022,Arkansas,West,4,Elite Eight,2,SEC,
2023 Arkansas,2023,Arkansas,West,8,Sweet 16,2,SEC,
2011 Little Rock,2011,Little Rock,Southeast,16,First Round,1,Sun Belt,
2016 Little Rock,2016,Little Rock,Midwest,12,Second Round,1,Sun Belt,
2010 Arkansas Pine Bluff,2010,Arkansas Pine Bluff,South,16,First Round,1,SWAC,
2018 Auburn,2018,Auburn,Midwest,4,Second Round,1,SEC,
2019 Auburn,2019,Auburn,Midwest,5,Final Four,3,SEC,
2022 Auburn,2022,Auburn,Midwest,2,Second Round,1,SEC,
2023 Auburn,2023,Auburn,Midwest,9,Second Round,1,SEC,
2008 Austin Peay,2008,Austin Peay,South,15,First Round,1,OVC,
2016 Austin Peay,2016,Austin Peay,South,16,First Round,1,OVC,
2008 Baylor,2008,Baylor,West,11,First Round,1,Big 12,
2010 Baylor,2010,Baylor,South,3,Elite Eight,2,Big 12,
2012 Baylor,2012,Baylor,South,3,Elite Eight,2,Big 12,
2014 Baylor,2014,Baylor,West,6,Sweet 16,2,Big 12,
2015 Baylor,2015,Baylor,West,3,First Round,1,Big 12,
2016 Baylor,2016,Baylor,West,5,First Round,1,Big 12,
2017 Baylor,2017,Baylor,East,3,Sweet 16,2,Big 12,
2019 Baylor,2019,Baylor,West,9,Second Round,1,Big 12,
2021 Baylor,2021,Baylor,South,1,Champion,3,Big 12,
2022 Baylor,2022,Baylor,East,1,Second Round,1,Big 12,
2023 Baylor,2023,Baylor,South,3,Second Round,1,Big 12,
2008 Belmont,2008,Belmont,West,15,First Round,1,ASUN,
2011 Belmont,2011,Belmont,Southeast,13,First Round,1,ASUN,
2012 Belmont,2012,Belmont,Midwest,14,First Round,1,ASUN,
2013 Belmont,2013,Belmont,West,11,First Round,1,OVC,
2015 Belmont,2015,Belmont,East,15,First Round,1,OVC,
2019 Belmont,2019,Belmont,East,11,First Round,1,OVC,
2009 Binghamton,2009,Binghamton,East,15,First Round,1,America East,
2008 Boise St.,2008,Boise St.,East,14,First Round,1,WAC,
2013 Boise St.,2013,Boise St.,West,13,First Round,1,MWC,
2015 Boise St.,2015,Boise St.,East,11,First Round,1,MWC,
2022 Boise St.,2022,Boise St.,West,8,First Round,1,MWC,
2023 Boise St.,2023,Boise St.,West,10,First Round,1,MWC,
2009 Boston College,2009,Boston College,Midwest,7,First Round,1,ACC,
2011 Boston University,2011,Boston University,Southwest,16,First Round,1,America East,
2019 Bradley,2019,Bradley,East,15,First Round,1,MVC,
2022 Bryant,2022,Bryant,South,16,First Round,1,NEC,
2011 Bucknell,2011,Bucknell,West,14,First Round,1,Patriot,
2013 Bucknell,2013,Bucknell,East,11,First Round,1,Patriot,
2017 Bucknell,2017,Bucknell,West,13,First Round,1,Patriot,
2018 Bucknell,2018,Bucknell,Midwest,14,First Round,1,Patriot,
2015 Buffalo,2015,Buffalo,Midwest,12,First Round,1,MAC,
2016 Buffalo,2016,Buffalo,South,14,First Round,1,MAC,
2018 Buffalo,2018,Buffalo,South,13,Second Round,1,MAC,
2019 Buffalo,2019,Buffalo,West,6,Second Round,1,MAC,
2008 Butler,2008,Butler,East,7,Second Round,1,Horizon,
2009 Butler,2009,Butler,South,9,First Round,1,Big 12,
2010 Butler,2010,Butler,West,5,Runner Up,3,Horizon,
2011 Butler,2011,Butler,Southeast,8,Runner Up,3,Horizon,
2013 Butler,2013,Butler,East,6,Second Round,1,A10,
2015 Butler,2015,Butler,Midwest,6,Second Round,1,Big East,
2016 Butler,2016,Butler,Midwest,9,Second Round,1,Big East,
2017 Butler,2017,Butler,South,4,Sweet 16,2,Big East,
2018 Butler,2018,Butler,East,10,Second Round,1,Big East,
2008 BYU,2008,BYU,West,8,First Round,1,MWC,
2009 BYU,2009,BYU,West,8,Second Round,1,MWC,
2010 BYU,2010,BYU,West,7,Second Round,1,MWC,
2011 BYU,2011,BYU,Southeast,3,Sweet 16,2,MWC,
2012 BYU,2012,BYU,West,14,First Round,1,WCC,
2014 BYU,2014,BYU,West,10,First Round,1,WCC,
2015 BYU,2015,BYU,West,11,First Round,1,WCC,
2021 BYU,2021,BYU,East,6,First Round,1,WCC,
2014 Cal Poly,2014,Cal Poly,Midwest,16,First Round,1,Big West,
2016 Cal St. Bakersfield,2016,Cal St. Bakersfield,West,15,First Round,1,WAC,
2008 Cal St. Fullerton,2008,Cal St. Fullerton,Midwest,14,First Round,1,Big West,
2018 Cal St. Fullerton,2018,Cal St. Fullerton,East,15,First Round,1,Big West,
2022 Cal St. Fullerton,2022,Cal St. Fullerton,West,15,First Round,1,Big West,
2009 Cal St. Northridge,2009,Cal St. Northridge,West,15,First Round,1,Big West,
2009 California,2009,California,West,7,First Round,1,ACC,
2010 California,2010,California,South,8,Second Round,1,Pac 12,
2012 California,2012,California,Midwest,12,Second Round,1,Pac 12,
2013 California,2013,California,East,12,Second Round,1,Pac 12,
2016 California,2016,California,South,4,First Round,1,Pac 12,
2018 Charleston,2018,Charleston,Midwest,13,First Round,1,CAA,
2023 Charleston,2023,Charleston,South,12,First Round,1,CAA,
2009 Chattanooga,2009,Chattanooga,West,16,First Round,1,Southern,
2016 Chattanooga,2016,Chattanooga,East,12,First Round,1,Southern,
2022 Chattanooga,2022,Chattanooga,South,13,First Round,1,Southern,
2011 Cincinnati,2011,Cincinnati,West,6,Second Round,1,Big East,
2012 Cincinnati,2012,Cincinnati,East,6,Sweet 16,2,Big East,
2013 Cincinnati,2013,Cincinnati,Midwest,10,First Round,1,Big East,
2014 Cincinnati,2014,Cincinnati,East,5,First Round,1,AAC,
2015 Cincinnati,2015,Cincinnati,Midwest,8,Second Round,1,AAC,
2016 Cincinnati,2016,Cincinnati,West,9,First Round,1,AAC,
2017 Cincinnati,2017,Cincinnati,South,6,Second Round,1,AAC,
2018 Cincinnati,2018,Cincinnati,South,2,Second Round,1,AAC,
2019 Cincinnati,2019,Cincinnati,South,7,First Round,1,AAC,
2008 Clemson,2008,Clemson,Midwest,5,First Round,1,ACC,
2009 Clemson,2009,Clemson,South,7,First Round,1,ACC,
2010 Clemson,2010,Clemson,East,7,First Round,1,ACC,
2011 Clemson,2011,Clemson,East,12,First Round,1,ACC,
2018 Clemson,2018,Clemson,Midwest,5,Sweet 16,2,ACC,
2021 Clemson,2021,Clemson,Midwest,7,First Round,1,ACC,
2009 Cleveland St.,2009,Cleveland St.,Midwest,13,Second Round,1,Horizon,
2021 Cleveland St.,2021,Cleveland St.,Midwest,15,First Round,1,Horizon,
2014 Coastal Carolina,2014,Coastal Carolina,East,16,First Round,1,Big South,
2015 Coastal Carolina,2015,Coastal Carolina,West,16,First Round,1,Big South,
2019 Colgate,2019,Colgate,South,15,First Round,1,Patriot,
2021 Colgate,2021,Colgate,South,14,First Round,1,Patriot,
2022 Colgate,2022,Colgate,Midwest,14,First Round,1,Patriot,
2023 Colgate,2023,Colgate,Midwest,15,First Round,1,Patriot,
2012 Colorado,2012,Colorado,South,11,Second Round,1,Pac 12,
2013 Colorado,2013,Colorado,East,10,First Round,1,Pac 12,
2014 Colorado,2014,Colorado,South,8,First Round,1,Pac 12,
2016 Colorado,2016,Colorado,South,8,First Round,1,Pac 12,
2021 Colorado,2021,Colorado,East,5,First Round,1,Pac 12,
2012 Colorado St.,2012,Colorado St.,West,11,First Round,1,MWC,
2013 Colorado St.,2013,Colorado St.,Midwest,8,Second Round,1,MWC,
2022 Colorado St.,2022,Colorado St.,South,6,First Round,1,MWC,
2008 Connecticut,2008,Connecticut,West,4,First Round,1,Big East,
2009 Connecticut,2009,Connecticut,West,1,Final Four,3,Big East,
2011 Connecticut,2011,Connecticut,West,3,Champion,3,Big East,
2012 Connecticut,2012,Connecticut,South,9,First Round,1,Big East,
2014 Connecticut,2014,Connecticut,East,7,Champion,3,AAC,
2016 Connecticut,2016,Connecticut,South,9,Second Round,1,AAC,
2021 Connecticut,2021,Connecticut,East,7,First Round,1,Big East,
2022 Connecticut,2022,Connecticut,West,5,First Round,1,Big East,
2023 Connecticut,2023,Connecticut,West,4,Champion,3,Big East,
2008 Coppin St.,2008,Coppin St.,East,16,First Round,1,MEAC,
2008 Cornell,2008,Cornell,South,14,First Round,1,Ivy,
2009 Cornell,2009,Cornell,West,14,First Round,1,Ivy,
2010 Cornell,2010,Cornell,East,12,Sweet 16,2,Ivy,
2012 Creighton,2012,Creighton,Midwest,8,Second Round,1,MVC,
2013 Creighton,2013,Creighton,Midwest,7,Second Round,1,MVC,
2014 Creighton,2014,Creighton,West,3,Second Round,1,Big East,
2017 Creighton,2017,Creighton,Midwest,6,First Round,1,Big East,
2018 Creighton,2018,Creighton,South,8,First Round,1,Big East,
2021 Creighton,2021,Creighton,West,5,Sweet 16,2,Big East,
2022 Creighton,2022,Creighton,Midwest,9,Second Round,1,Big East,
2023 Creighton,2023,Creighton,South,6,Elite Eight,2,Big East,
2008 Davidson,2008,Davidson,Midwest,10,Elite Eight,2,Southern,
2012 Davidson,2012,Davidson,West,13,First Round,1,Southern,
2013 Davidson,2013,Davidson,East,14,First Round,1,Southern,
2015 Davidson,2015,Davidson,South,10,First Round,1,A10,
2018 Davidson,2018,Davidson,South,12,First Round,1,A10,
2022 Davidson,2022,Davidson,West,10,First Round,1,A10,
2009 Dayton,2009,Dayton,Midwest,11,Second Round,1,A10,
2014 Dayton,2014,Dayton,South,11,Elite Eight,2,A10,
2015 Dayton,2015,Dayton,East,11,Second Round,1,A10,
2016 Dayton,2016,Dayton,Midwest,7,First Round,1,A10,
2017 Dayton,2017,Dayton,South,7,First Round,1,A10,
2014 Delaware,2014,Delaware,East,13,First Round,1,CAA,
2022 Delaware,2022,Delaware,South,15,First Round,1,CAA,
2012 Detroit Mercy,2012,Detroit Mercy,Midwest,15,First Round,1,Horizon,
2008 Drake,2008,Drake,West,5,First Round,1,MVC,
2021 Drake,2021,Drake,West,11,First Round,1,MVC,
2023 Drake,2023,Drake,Midwest,12,First Round,1,MVC,
2021 Drexel,2021,Drexel,Midwest,16,First Round,1,CAA,
2008 Duke,2008,Duke,West,2,Second Round,1,ACC,
2009 Duke,2009,Duke,East,2,Sweet 16,2,ACC,
2010 Duke,2010,Duke,South,1,Champion,3,ACC,
2011 Duke,2011,Duke,West,1,Sweet 16,2,ACC,
2012 Duke,2012,Duke,South,2,First Round,1,ACC,
2013 Duke,2013,Duke,Midwest,2,Elite Eight,2,ACC,
2014 Duke,2014,Duke,Midwest,3,First Round,1,ACC,
2015 Duke,2015,Duke,South,1,Champion,3,ACC,
2016 Duke,2016,Duke,West,4,Sweet 16,2,ACC,
2017 Duke,2017,Duke,East,2,Second Round,1,ACC,
2018 Duke,2018,Duke,Midwest,2,Elite Eight,2,ACC,
2019 Duke,2019,Duke,East,1,Elite Eight,2,ACC,
2022 Duke,2022,Duke,West,2,Final Four,3,ACC,
2023 Duke,2023,Duke,East,5,Second Round,1,ACC,
2009 East Tennessee St.,2009,East Tennessee St.,East,16,First Round,1,ASUN,
2010 East Tennessee St.,2010,East Tennessee St.,East,16,First Round,1,ASUN,
2017 East Tennessee St.,2017,East Tennessee St.,East,13,First Round,1,Southern,
2014 Eastern Kentucky,2014,Eastern Kentucky,South,15,First Round,1,OVC,
2015 Eastern Washington,2015,Eastern Washington,South,13,First Round,1,Big Sky,
2021 Eastern Washington,2021,Eastern Washington,West,14,First Round,1,Big Sky,
2016 Fairleigh Dickinson,2016,Fairleigh Dickinson,East,16,First Round,1,NEC,
2019 Fairleigh Dickinson,2019,Fairleigh Dickinson,West,16,First Round,1,NEC,
2023 Fairleigh Dickinson,2023,Fairleigh Dickinson,East,16,Second Round,1,NEC,
2010 Florida,2010,Florida,West,10,First Round,1,SEC,
2011 Florida,2011,Florida,Southeast,2,Elite Eight,2,SEC,
2012 Florida,2012,Florida,West,7,Elite Eight,2,SEC,
2013 Florida,2013,Florida,South,3,Elite Eight,2,SEC,
2014 Florida,2014,Florida,South,1,Final Four,3,SEC,
2017 Florida,2017,Florida,East,4,Elite Eight,2,SEC,
2018 Florida,2018,Florida,East,6,Second Round,1,SEC,
2019 Florida,2019,Florida,West,10,Second Round,1,SEC,
2021 Florida,2021,Florida,South,7,Second Round,1,SEC,
2023 Florida Atlantic,2023,Florida Atlantic,East,9,Final Four,3,CUSA,
2013 Florida Gulf Coast,2013,Florida Gulf Coast,South,15,Sweet 16,2,ASUN,
2016 Florida Gulf Coast,2016,Florida Gulf Coast,East,16,First Round,1,ASUN,
2017 Florida Gulf Coast,2017,Florida Gulf Coast,West,14,First Round,1,ASUN,
2009 Florida St.,2009,Florida St.,East,5,First Round,1,ACC,
2010 Florida St.,2010,Florida St.,West,9,First Round,1,ACC,
2011 Florida St.,2011,Florida St.,Southwest,10,Sweet 16,2,ACC,
2012 Florida St.,2012,Florida St.,East,3,Second Round,1,ACC,
2017 Florida St.,2017,Florida St.,West,3,Second Round,1,ACC,
2018 Florida St.,2018,Florida St.,West,9,Second Round,1,ACC,
2019 Florida St.,2019,Florida St.,West,4,Sweet 16,2,ACC,
2021 Florida St.,2021,Florida St.,East,4,Sweet 16,2,ACC,
2016 Fresno St.,2016,Fresno St.,Midwest,14,First Round,1,MWC,
2023 Furman,2023,Furman,South,13,Second Round,1,Southern,
2019 Gardner Webb,2019,Gardner Webb,South,16,First Round,1,Big South,
2008 George Mason,2008,George Mason,East,12,First Round,1,CAA,
2011 George Mason,2011,George Mason,East,8,Second Round,1,CAA,
2014 George Washington,2014,George Washington,East,9,First Round,1,A10,
2008 Georgetown,2008,Georgetown,Midwest,2,Second Round,1,Big East,
2010 Georgetown,2010,Georgetown,Midwest,3,First Round,1,Big East,
2011 Georgetown,2011,Georgetown,Southwest,6,First Round,1,Big East,
2012 Georgetown,2012,Georgetown,Midwest,3,Second Round,1,Big East,
2013 Georgetown,2013,Georgetown,South,2,First Round,1,Big East,
2015 Georgetown,2015,Georgetown,South,4,Second Round,1,Big East,
2021 Georgetown,2021,Georgetown,East,12,First Round,1,Big East,
2008 Georgia,2008,Georgia,West,14,First Round,1,SEC,
2011 Georgia,2011,Georgia,East,10,First Round,1,SEC,
2015 Georgia,2015,Georgia,East,10,First Round,1,SEC,
2015 Georgia St.,2015,Georgia St.,West,14,Second Round,1,Sun Belt,
2018 Georgia St.,2018,Georgia St.,South,15,First Round,1,Sun Belt,
2019 Georgia St.,2019,Georgia St.,Midwest,14,First Round,1,Sun Belt,
2022 Georgia St.,2022,Georgia St.,West,16,First Round,1,Sun Belt,
2010 Georgia Tech,2010,Georgia Tech,Midwest,10,Second Round,1,ACC,
2021 Georgia Tech,2021,Georgia Tech,Midwest,9,First Round,1,ACC,
2008 Gonzaga,2008,Gonzaga,Midwest,7,First Round,1,WCC,
2009 Gonzaga,2009,Gonzaga,South,4,Sweet 16,2,WCC,
2010 Gonzaga,2010,Gonzaga,West,8,Second Round,1,WCC,
2011 Gonzaga,2011,Gonzaga,Southeast,11,Second Round,1,WCC,
2012 Gonzaga,2012,Gonzaga,East,7,Second Round,1,WCC,
2013 Gonzaga,2013,Gonzaga,West,1,Second Round,1,WCC,
2014 Gonzaga,2014,Gonzaga,West,8,Second Round,1,WCC,
2015 Gonzaga,2015,Gonzaga,South,2,Elite Eight,2,WCC,
2016 Gonzaga,2016,Gonzaga,Midwest,11,Sweet 16,2,WCC,
2017 Gonzaga,2017,Gonzaga,West,1,Runner Up,3,WCC,
2018 Gonzaga,2018,Gonzaga,West,4,Sweet 16,2,WCC,
2019 Gonzaga,2019,Gonzaga,West,1,Elite Eight,2,WCC,
2021 Gonzaga,2021,Gonzaga,West,1,Runner Up,3,WCC,
2022 Gonzaga,2022,Gonzaga,West,1,Sweet 16,2,WCC,
2023 Gonzaga,2023,Gonzaga,West,3,Second Round,1,WCC,
2021 Grand Canyon,2021,Grand Canyon,West,15,First Round,1,WAC,
2023 Grand Canyon,2023,Grand Canyon,West,14,First Round,1,WAC,
2016 Green Bay,2016,Green Bay,West,14,First Round,1,Horizon,
2011 Hampton,2011,Hampton,West,16,First Round,1,MEAC,
2015 Hampton,2015,Hampton,Midwest,16,First Round,1,MEAC,
2016 Hampton,2016,Hampton,Midwest,16,First Round,1,MEAC,
2021 Hartford,2021,Hartford,South,16,First Round,1,America East,
2012 Harvard,2012,Harvard,East,12,First Round,1,Ivy,
2013 Harvard,2013,Harvard,West,14,Second Round,1,Ivy,
2014 Harvard,2014,Harvard,East,12,Second Round,1,Ivy,
2015 Harvard,2015,Harvard,West,13,First Round,1,Ivy,
2016 Hawaii,2016,Hawaii,South,13,Second Round,1,Big West,
2016 Holy Cross,2016,Holy Cross,West,16,First Round,1,Patriot,
2010 Houston,2010,Houston,Midwest,13,First Round,1,CUSA,
2018 Houston,2018,Houston,West,6,Second Round,1,AAC,
2019 Houston,2019,Houston,Midwest,3,Sweet 16,2,AAC,
2021 Houston,2021,Houston,Midwest,2,Final Four,3,AAC,
2022 Houston,2022,Houston,South,5,Elite Eight,2,AAC,
2023 Houston,2023,Houston,Midwest,1,Sweet 16,2,AAC,
2023 Howard,2023,Howard,West,16,First Round,1,MEAC,
2009 Illinois,2009,Illinois,South,5,First Round,1,Big 10,
2011 Illinois,2011,Illinois,Southwest,9,Second Round,1,Big 10,
2013 Illinois,2013,Illinois,East,7,Second Round,1,Big 10,
2021 Illinois,2021,Illinois,Midwest,1,Second Round,1,Big 10,
2022 Illinois,2022,Illinois,South,4,Second Round,1,Big 10,
2023 Illinois,2023,Illinois,West,9,First Round,1,Big 10,
2008 Indiana,2008,Indiana,East,8,First Round,1,Big 10,
2012 Indiana,2012,Indiana,South,4,Sweet 16,2,Big 10,
2013 Indiana,2013,Indiana,East,1,Sweet 16,2,Big 10,
2015 Indiana,2015,Indiana,Midwest,10,First Round,1,Big 10,
2016 Indiana,2016,Indiana,East,5,Sweet 16,2,Big 10,
2022 Indiana,2022,Indiana,East,12,First Round,1,Big 10,
2023 Indiana,2023,Indiana,Midwest,4,Second Round,1,Big 10,
2011 Indiana St.,2011,Indiana St.,East,14,First Round,1,MVC,
2012 Iona,2012,Iona,West,14,First Round,1,MAAC,
2013 Iona,2013,Iona,West,15,First Round,1,MAAC,
2016 Iona,2016,Iona,Midwest,13,First Round,1,MAAC,
2017 Iona,2017,Iona,Midwest,14,First Round,1,MAAC,
2018 Iona,2018,Iona,Midwest,15,First Round,1,MAAC,
2019 Iona,2019,Iona,Midwest,16,First Round,1,MAAC,
2021 Iona,2021,Iona,East,15,First Round,1,MAAC,
2023 Iona,2023,Iona,West,13,First Round,1,MAAC,
2014 Iowa,2014,Iowa,Midwest,11,First Round,1,Big 10,
2015 Iowa,2015,Iowa,South,7,Second Round,1,Big 10,
2016 Iowa,2016,Iowa,South,7,Second Round,1,Big 10,
2019 Iowa,2019,Iowa,South,10,Second Round,1,Big 10,
2021 Iowa,2021,Iowa,West,2,Second Round,1,Big 10,
2022 Iowa,2022,Iowa,Midwest,5,First Round,1,Big 10,
2023 Iowa,2023,Iowa,Midwest,8,First Round,1,Big 10,
2012 Iowa St.,2012,Iowa St.,South,8,Second Round,1,Big 12,
2013 Iowa St.,2013,Iowa St.,West,10,Second Round,1,Big 12,
2014 Iowa St.,2014,Iowa St.,East,3,Sweet 16,2,Big 12,
2015 Iowa St.,2015,Iowa St.,South,3,First Round,1,Big 12,
2016 Iowa St.,2016,Iowa St.,Midwest,4,Sweet 16,2,Big 12,
2017 Iowa St.,2017,Iowa St.,Midwest,5,Second Round,1,Big 12,
2019 Iowa St.,2019,Iowa St.,Midwest,6,First Round,1,Big 12,
2022 Iowa St.,2022,Iowa St.,Midwest,11,Sweet 16,2,Big 12,
2023 Iowa St.,2023,Iowa St.,Midwest,6,First Round,1,Big 12,
2017 Jacksonville St.,2017,Jacksonville St.,Midwest,15,First Round,1,OVC,
2022 Jacksonville St.,2022,Jacksonville St.,Midwest,15,First Round,1,ASUN,
2013 James Madison,2013,James Madison,East,16,First Round,1,CAA,
2008 Kansas,2008,Kansas,Midwest,1,Champion,3,Big 12,
2009 Kansas,2009,Kansas,Midwest,3,Sweet 16,2,Big 12,
2010 Kansas,2010,Kansas,Midwest,1,Second Round,1,Big 12,
2011 Kansas,2011,Kansas,Southwest,1,Elite Eight,2,Big 12,
2012 Kansas,2012,Kansas,Midwest,2,Runner Up,3,Big 12,
2013 Kansas,2013,Kansas,South,1,Sweet 16,2,Big 12,
2014 Kansas,2014,Kansas,South,2,Second Round,1,Big 12,
2015 Kansas,2015,Kansas,Midwest,2,Second Round,1,Big 12,
2016 Kansas,2016,Kansas,South,1,Elite Eight,2,Big 12,
2017 Kansas,2017,Kansas,Midwest,1,Elite Eight,2,Big 12,
2018 Kansas,2018,Kansas,Midwest,1,Final Four,3,Big 12,
2019 Kansas,2019,Kansas,Midwest,4,Second Round,1,Big 12,
2021 Kansas,2021,Kansas,West,3,Second Round,1,Big 12,
2022 Kansas,2022,Kansas,Midwest,1,Champion,3,Big 12,
2023 Kansas,2023,Kansas,West,1,Second Round,1,Big 12,
2008 Kansas St.,2008,Kansas St.,Midwest,11,Second Round,1,Big 12,
2010 Kansas St.,2010,Kansas St.,West,2,Elite Eight,2,Big 12,
2011 Kansas St.,2011,Kansas St.,Southeast,5,Second Round,1,Big 12,
2012 Kansas St.,2012,Kansas St.,East,8,Second Round,1,Big 12,
2013 Kansas St.,2013,Kansas St.,West,4,First Round,1,Big 12,
2014 Kansas St.,2014,Kansas St.,Midwest,9,First Round,1,Big 12,
2017 Kansas St.,2017,Kansas St.,South,11,First Round,1,Big 12,
2018 Kansas St.,2018,Kansas St.,South,9,Elite Eight,2,Big 12,
2019 Kansas St.,2019,Kansas St.,South,4,First Round,1,Big 12,
2023 Kansas St.,2023,Kansas St.,East,3,Elite Eight,2,Big 12,
2023 Kennesaw St.,2023,Kennesaw St.,Midwest,14,First Round,1,ASUN,
2008 Kent St.,2008,Kent St.,Midwest,9,First Round,1,MAC,
2017 Kent St.,2017,Kent St.,South,14,First Round,1,MAC,
2023 Kent St.,2023,Kent St.,Midwest,13,First Round,1,MAC,
2008 Kentucky,2008,Kentucky,South,11,First Round,1,SEC,
2010 Kentucky,2010,Kentucky,East,1,Elite Eight,2,SEC,
2011 Kentucky,2011,Kentucky,East,4,Final Four,3,SEC,
2012 Kentucky,2012,Kentucky,South,1,Champion,3,SEC,
2014 Kentucky,2014,Kentucky,Midwest,8,Runner Up,3,SEC,
2015 Kentucky,2015,Kentucky,Midwest,1,Final Four,3,SEC,
2016 Kentucky,2016,Kentucky,East,4,Second Round,1,SEC,
2017 Kentucky,2017,Kentucky,South,2,Elite Eight,2,SEC,
2018 Kentucky,2018,Kentucky,South,5,Sweet 16,2,SEC,
2019 Kentucky,2019,Kentucky,Midwest,2,Elite Eight,2,SEC,
2022 Kentucky,2022,Kentucky,East,2,First Round,1,SEC,
2023 Kentucky,2023,Kentucky,East,6,Second Round,1,SEC,
2013 La Salle,2013,La Salle,West,13,Sweet 16,2,A10,
2015 Lafayette,2015,Lafayette,East,16,First Round,1,Patriot,
2012 Lamar,2012,Lamar,Midwest,16,First Round,1,Southland,
2010 Lehigh,2010,Lehigh,Midwest,16,First Round,1,Patriot,
2012 Lehigh,2012,Lehigh,South,15,Second Round,1,Patriot,
2013 Liberty,2013,Liberty,Midwest,16,First Round,1,Big South,
2019 Liberty,2019,Liberty,East,12,Second Round,1,ASUN,
2021 Liberty,2021,Liberty,Midwest,13,First Round,1,ASUN,
2018 Lipscomb,2018,Lipscomb,West,15,First Round,1,ASUN,
2011 LIU,2011,LIU,East,15,First Round,1,NEC,
2012 LIU,2012,LIU,West,16,First Round,1,NEC,
2013 LIU,2013,LIU,East,16,First Round,1,NEC,
2018 LIU,2018,LIU,East,16,First Round,1,NEC,
2012 Long Beach St.,2012,Long Beach St.,West,12,First Round,1,Big West,
2022 Longwood,2022,Longwood,South,14,First Round,1,Big South,
2014 Louisiana,2014,Louisiana,West,14,First Round,1,Sun Belt,
2023 Louisiana,2023,Louisiana,East,13,First Round,1,Sun Belt,
2008 Louisville,2008,Louisville,East,3,Elite Eight,2,Big East,
2009 Louisville,2009,Louisville,Midwest,1,Elite Eight,2,Big East,
2010 Louisville,2010,Louisville,South,9,First Round,1,Big East,
2011 Louisville,2011,Louisville,Southwest,4,First Round,1,Big East,
2012 Louisville,2012,Louisville,West,4,Final Four,3,Big East,
2013 Louisville,2013,Louisville,Midwest,1,Champion,3,Big East,
2014 Louisville,2014,Louisville,Midwest,4,Sweet 16,2,AAC,
2015 Louisville,2015,Louisville,East,4,Sweet 16,2,ACC,
2017 Louisville,2017,Louisville,Midwest,2,Second Round,1,ACC,
2019 Louisville,2019,Louisville,East,7,First Round,1,ACC,
2018 Loyola Chicago,2018,Loyola Chicago,South,11,Final Four,3,MVC,
2021 Loyola Chicago,2021,Loyola Chicago,Midwest,8,Sweet 16,2,MVC,
2022 Loyola Chicago,2022,Loyola Chicago,South,10,First Round,1,MVC,
2012 Loyola MD,2012,Loyola MD,East,15,First Round,1,MAAC,
2009 LSU,2009,LSU,South,8,Second Round,1,SEC,
2015 LSU,2015,LSU,East,9,First Round,1,SEC,
2019 LSU,2019,LSU,East,3,Sweet 16,2,SEC,
2021 LSU,2021,LSU,East,8,Second Round,1,SEC,
2022 LSU,2022,LSU,Midwest,6,First Round,1,SEC,
2014 Manhattan,2014,Manhattan,Midwest,13,First Round,1,MAAC,
2015 Manhattan,2015,Manhattan,Midwest,16,First Round,1,MAAC,
2008 Marquette,2008,Marquette,South,6,Second Round,1,Big East,
2009 Marquette,2009,Marquette,West,6,Second Round,1,Big East,
2010 Marquette,2010,Marquette,East,6,First Round,1,Big East,
2011 Marquette,2011,Marquette,East,11,Sweet 16,2,Big East,
2012 Marquette,2012,Marquette,West,3,Sweet 16,2,Big East,
2013 Marquette,2013,Marquette,East,3,Elite Eight,2,Big East,
2017 Marquette,2017,Marquette,East,10,First Round,1,Big East,
2019 Marquette,2019,Marquette,West,5,First Round,1,Big East,
2022 Marquette,2022,Marquette,East,9,First Round,1,Big East,
2023 Marquette,2023,Marquette,East,2,Second Round,1,Big East,
2018 Marshall,2018,Marshall,East,13,Second Round,1,CUSA,
2009 Maryland,2009,Maryland,West,10,Second Round,1,ACC,
2010 Maryland,2010,Maryland,Midwest,4,Second Round,1,ACC,
2015 Maryland,2015,Maryland,Midwest,4,Second Round,1,Big 10,
2016 Maryland,2016,Maryland,South,5,Sweet 16,2,Big 10,
2017 Maryland,2017,Maryland,West,6,First Round,1,Big 10,
2019 Maryland,2019,Maryland,East,6,Second Round,1,Big 10,
2021 Maryland,2021,Maryland,East,10,Second Round,1,Big 10,
2023 Maryland,2023,Maryland,South,8,Second Round,1,Big 10,
2014 Massachusetts,2014,Massachusetts,Midwest,6,First Round,1,A10,
2008 Memphis,2008,Memphis,South,1,Runner Up,3,CUSA,
2009 Memphis,2009,Memphis,West,2,Sweet 16,2,CUSA,
2011 Memphis,2011,Memphis,West,12,First Round,1,CUSA,
2012 Memphis,2012,Memphis,West,8,First Round,1,CUSA,
2013 Memphis,2013,Memphis,Midwest,6,Second Round,1,CUSA,
2014 Memphis,2014,Memphis,East,8,Second Round,1,AAC,
2022 Memphis,2022,Memphis,West,9,Second Round,1,AAC,
2023 Memphis,2023,Memphis,East,8,First Round,1,AAC,
2014 Mercer,2014,Mercer,Midwest,14,Second Round,1,ASUN,
2013 Miami FL,2013,Miami FL,East,2,Sweet 16,2,ACC,
2008 Miami FL,2008,Miami FL,South,7,Second Round,1,ACC,
2016 Miami FL,2016,Miami FL,South,3,Sweet 16,2,ACC,
2017 Miami FL,2017,Miami FL,Midwest,8,First Round,1,ACC,
2018 Miami FL,2018,Miami FL,South,6,First Round,1,ACC,
2022 Miami FL,2022,Miami FL,Midwest,10,Elite Eight,2,ACC,
2023 Miami FL,2023,Miami FL,Midwest,5,Final Four,3,ACC,
2009 Michigan,2009,Michigan,South,10,Second Round,1,Big 10,
2011 Michigan,2011,Michigan,West,8,Second Round,1,Big 10,
2012 Michigan,2012,Michigan,Midwest,4,First Round,1,Big 10,
2013 Michigan,2013,Michigan,South,4,Runner Up,3,Big 10,
2014 Michigan,2014,Michigan,Midwest,2,Elite Eight,2,Big 10,
2016 Michigan,2016,Michigan,East,11,First Round,1,Big 10,
2017 Michigan,2017,Michigan,Midwest,7,Sweet 16,2,Big 10,
2018 Michigan,2018,Michigan,West,3,Runner Up,3,Big 10,
2019 Michigan,2019,Michigan,West,2,Sweet 16,2,Big 10,
2021 Michigan,2021,Michigan,East,1,Elite Eight,2,Big 10,
2022 Michigan,2022,Michigan,South,11,Sweet 16,2,Big 10,
2008 Michigan St.,2008,Michigan St.,South,5,Sweet 16,2,Big 10,
2009 Michigan St.,2009,Michigan St.,Midwest,2,Runner Up,3,Big 10,
2010 Michigan St.,2010,Michigan St.,Midwest,5,Final Four,3,Big 10,
2011 Michigan St.,2011,Michigan St.,Southeast,10,First Round,1,Big 10,
2012 Michigan St.,2012,Michigan St.,West,1,Sweet 16,2,Big 10,
2013 Michigan St.,2013,Michigan St.,Midwest,3,Sweet 16,2,Big 10,
2014 Michigan St.,2014,Michigan St.,East,4,Elite Eight,2,Big 10,
2015 Michigan St.,2015,Michigan St.,East,7,Final Four,3,Big 10,
2016 Michigan St.,2016,Michigan St.,Midwest,2,First Round,1,Big 10,
2017 Michigan St.,2017,Michigan St.,Midwest,9,Second Round,1,Big 10,
2018 Michigan St.,2018,Michigan St.,Midwest,3,Second Round,1,Big 10,
2019 Michigan St.,2019,Michigan St.,East,2,Final Four,3,Big 10,
2021 Michigan St.,2021,Michigan St.,East,11,First Round,1,Big 10,
2022 Michigan St.,2022,Michigan St.,West,7,Second Round,1,Big 10,
2023 Michigan St.,2023,Michigan St.,East,7,Sweet 16,2,Big 10,
2013 Middle Tennessee,2013,Middle Tennessee,Midwest,11,First Round,1,Sun Belt,
2016 Middle Tennessee,2016,Middle Tennessee,Midwest,15,Second Round,1,CUSA,
2017 Middle Tennessee,2017,Middle Tennessee,South,12,Second Round,1,CUSA,
2014 Milwaukee,2014,Milwaukee,East,15,First Round,1,Horizon,
2009 Minnesota,2009,Minnesota,East,10,First Round,1,Big 10,
2010 Minnesota,2010,Minnesota,West,11,First Round,1,Big 10,
2013 Minnesota,2013,Minnesota,South,11,Second Round,1,Big 10,
2017 Minnesota,2017,Minnesota,South,5,First Round,1,Big 10,
2019 Minnesota,2019,Minnesota,East,10,Second Round,1,Big 10,
2013 Mississippi,2013,Mississippi,West,12,Second Round,1,SEC,
2015 Mississippi,2015,Mississippi,West,11,First Round,1,SEC,
2019 Mississippi,2019,Mississippi,South,8,First Round,1,SEC,
2008 Mississippi St.,2008,Mississippi St.,South,8,Second Round,1,SEC,
2009 Mississippi St.,2009,Mississippi St.,West,13,First Round,1,SEC,
2019 Mississippi St.,2019,Mississippi St.,East,5,First Round,1,SEC,
2023 Mississippi St.,2023,Mississippi St.,Midwest,11,First Round,1,SEC,
2008 Mississippi Valley St.,2008,Mississippi Valley St.,West,16,First Round,1,SWAC,
2012 Mississippi Valley St.,2012,Mississippi Valley St.,South,16,First Round,1,SWAC,
2009 Missouri,2009,Missouri,West,3,Elite Eight,2,Big 12,
2010 Missouri,2010,Missouri,East,10,Second Round,1,Big 12,
2011 Missouri,2011,Missouri,West,11,First Round,1,Big 12,
2012 Missouri,2012,Missouri,West,2,First Round,1,Big 12,
2013 Missouri,2013,Missouri,Midwest,9,First Round,1,SEC,
2018 Missouri,2018,Missouri,West,8,First Round,1,SEC,
2021 Missouri,2021,Missouri,West,9,First Round,1,SEC,
2023 Missouri,2023,Missouri,South,7,Second Round,1,SEC,
2010 Montana,2010,Montana,East,14,First Round,1,Big Sky,
2012 Montana,2012,Montana,East,13,First Round,1,Big Sky,
2013 Montana,2013,Montana,East,13,First Round,1,Big Sky,
2018 Montana,2018,Montana,West,14,First Round,1,Big Sky,
2019 Montana,2019,Montana,West,15,First Round,1,Big Sky,
2022 Montana St.,2022,Montana St.,West,14,First Round,1,Big Sky,
2023 Montana St.,2023,Montana St.,East,14,First Round,1,Big Sky,
2009 Morehead St.,2009,Morehead St.,Midwest,16,First Round,1,SWAC,
2011 Morehead St.,2011,Morehead St.,Southwest,13,Second Round,1,OVC,
2021 Morehead St.,2021,Morehead St.,Midwest,14,First Round,1,OVC,
2009 Morgan St.,2009,Morgan St.,South,15,First Round,1,MEAC,
2010 Morgan St.,2010,Morgan St.,East,15,First Round,1,MEAC,
2008 Mount St. Mary's,2008,Mount St. Mary's,East,16,First Round,1,NEC,
2014 Mount St. Mary's,2014,Mount St. Mary's,South,16,First Round,1,NEC,
2017 Mount St. Mary's,2017,Mount St. Mary's,East,16,First Round,1,NEC,
2021 Mount St. Mary's,2021,Mount St. Mary's,East,16,First Round,1,NEC,
2010 Murray St.,2010,Murray St.,West,13,Second Round,1,OVC,
2012 Murray St.,2012,Murray St.,West,6,Second Round,1,OVC,
2018 Murray St.,2018,Murray St.,East,12,First Round,1,OVC,
2019 Murray St.,2019,Murray St.,West,12,Second Round,1,OVC,
2022 Murray St.,2022,Murray St.,East,7,Second Round,1,OVC,
2013 NC St.,2013,NC St.,East,8,First Round,1,ACC,
2014 NC St.,2014,NC St.,Midwest,12,First Round,1,ACC,
2015 NC St.,2015,NC St.,East,8,Sweet 16,2,ACC,
2018 NC St.,2018,NC St.,Midwest,9,First Round,1,ACC,
2023 NC St.,2023,NC St.,South,11,First Round,1,ACC,
2012 NC St.,2012,NC St.,Midwest,11,Sweet 16,2,ACC,
2014 Nebraska,2014,Nebraska,West,11,First Round,1,Big 10,
2017 Nebraska,2017,Nebraska,West,8,Second Round,1,Big 10,
2017 Nevada,2017,Nevada,Midwest,12,First Round,1,MWC,
2018 Nevada,2018,Nevada,South,7,Sweet 16,2,MWC,
2019 Nevada,2019,Nevada,West,7,First Round,1,MWC,
2023 Nevada,2023,Nevada,West,11,First Round,1,MWC,
2010 New Mexico,2010,New Mexico,East,3,Second Round,1,MWC,
2012 New Mexico,2012,New Mexico,West,5,Second Round,1,MWC,
2013 New Mexico,2013,New Mexico,West,3,First Round,1,MWC,
2014 New Mexico,2014,New Mexico,South,7,First Round,1,MWC,
2010 New Mexico St.,2010,New Mexico St.,Midwest,12,First Round,1,WAC,
2012 New Mexico St.,2012,New Mexico St.,South,13,First Round,1,WAC,
2013 New Mexico St.,2013,New Mexico St.,Midwest,13,First Round,1,WAC,
2014 New Mexico St.,2014,New Mexico St.,West,13,First Round,1,WAC,
2015 New Mexico St.,2015,New Mexico St.,Midwest,15,First Round,1,WAC,
2017 New Mexico St.,2017,New Mexico St.,East,14,First Round,1,WAC,
2018 New Mexico St.,2018,New Mexico St.,Midwest,12,First Round,1,WAC,
2019 New Mexico St.,2019,New Mexico St.,Midwest,12,First Round,1,WAC,
2022 New Mexico St.,2022,New Mexico St.,West,12,Second Round,1,WAC,
2017 New Orleans,2017,New Orleans,East,16,First Round,1,Southland,
2012 Norfolk St.,2012,Norfolk St.,West,15,Second Round,1,MEAC,
2021 Norfolk St.,2021,Norfolk St.,West,16,First Round,1,MEAC,
2022 Norfolk St.,2022,Norfolk St.,East,16,First Round,1,MEAC,
2008 North Carolina,2008,North Carolina,East,1,Final Four,3,ACC,
2009 North Carolina,2009,North Carolina,South,1,Champion,3,ACC,
2011 North Carolina,2011,North Carolina,East,2,Elite Eight,2,ACC,
2012 North Carolina,2012,North Carolina,Midwest,1,Elite Eight,2,ACC,
2013 North Carolina,2013,North Carolina,South,8,Second Round,1,ACC,
2014 North Carolina,2014,North Carolina,East,6,Second Round,1,ACC,
2015 North Carolina,2015,North Carolina,West,4,Sweet 16,2,ACC,
2016 North Carolina,2016,North Carolina,East,1,Runner Up,3,ACC,
2017 North Carolina,2017,North Carolina,South,1,Champion,3,ACC,
2018 North Carolina,2018,North Carolina,West,2,Second Round,1,ACC,
2019 North Carolina,2019,North Carolina,Midwest,1,Sweet 16,2,ACC,
2021 North Carolina,2021,North Carolina,South,8,First Round,1,ACC,
2022 North Carolina,2022,North Carolina,East,8,Runner Up,3,ACC,
2013 North Carolina A&T,2013,North Carolina A&T,Midwest,16,First Round,1,MEAC,
2014 North Carolina Central,2014,North Carolina Central,East,14,First Round,1,MEAC,
2017 North Carolina Central,2017,North Carolina Central,Midwest,16,First Round,1,MEAC,
2018 North Carolina Central,2018,North Carolina Central,West,16,First Round,1,MEAC,
2019 North Carolina Central,2019,North Carolina Central,East,16,First Round,1,MEAC,
2017 North Dakota,2017,North Dakota,West,15,First Round,1,Big Sky,
2009 North Dakota St.,2009,North Dakota St.,Midwest,14,First Round,1,Summit,
2014 North Dakota St.,2014,North Dakota St.,West,12,Second Round,1,Summit,
2015 North Dakota St.,2015,North Dakota St.,South,15,First Round,1,Summit,
2019 North Dakota St.,2019,North Dakota St.,East,16,First Round,1,Summit,
2015 North Florida,2015,North Florida,South,16,First Round,1,ASUN,
2010 North Texas,2010,North Texas,West,15,First Round,1,Sun Belt,
2021 North Texas,2021,North Texas,South,13,Second Round,1,CUSA,
2015 Northeastern,2015,Northeastern,Midwest,14,First Round,1,CAA,
2019 Northeastern,2019,Northeastern,Midwest,13,First Round,1,CAA,
2011 Northern Colorado,2011,Northern Colorado,West,15,First Round,1,Big Sky,
2009 Northern Iowa,2009,Northern Iowa,West,12,First Round,1,MVC,
2010 Northern Iowa,2010,Northern Iowa,Midwest,9,Sweet 16,2,MVC,
2015 Northern Iowa,2015,Northern Iowa,East,5,Second Round,1,MVC,
2016 Northern Iowa,2016,Northern Iowa,West,11,Second Round,1,MVC,
2017 Northern Kentucky,2017,Northern Kentucky,South,15,First Round,1,Horizon,
2019 Northern Kentucky,2019,Northern Kentucky,West,14,First Round,1,Horizon,
2023 Northern Kentucky,2023,Northern Kentucky,Midwest,16,First Round,1,Horizon,
2017 Northwestern,2017,Northwestern,West,8,Second Round,1,Big 10,
2023 Northwestern,2023,Northwestern,West,7,Second Round,1,Big 10,
2013 Northwestern St.,2013,Northwestern St.,South,14,First Round,1,Southland,
2008 Notre Dame,2008,Notre Dame,East,5,Second Round,1,Big East,
2010 Notre Dame,2010,Notre Dame,South,6,First Round,1,Big East,
2011 Notre Dame,2011,Notre Dame,Southwest,2,Second Round,1,Big East,
2012 Notre Dame,2012,Notre Dame,South,7,First Round,1,Big East,
2013 Notre Dame,2013,Notre Dame,West,7,First Round,1,Big East,
2015 Notre Dame,2015,Notre Dame,Midwest,3,Elite Eight,2,ACC,
2016 Notre Dame,2016,Notre Dame,East,6,Elite Eight,2,ACC,
2017 Notre Dame,2017,Notre Dame,West,5,Second Round,1,ACC,
2022 Notre Dame,2022,Notre Dame,West,11,Second Round,1,ACC,
2010 Oakland,2010,Oakland,West,14,First Round,1,Summit,
2011 Oakland,2011,Oakland,West,13,First Round,1,Summit,
2010 Ohio,2010,Ohio,Midwest,14,Second Round,1,MAC,
2012 Ohio,2012,Ohio,Midwest,13,Sweet 16,2,MAC,
2021 Ohio,2021,Ohio,West,13,Second Round,1,MAC,
2009 Ohio St.,2009,Ohio St.,Midwest,8,First Round,1,Big 10,
2010 Ohio St.,2010,Ohio St.,Midwest,2,Sweet 16,2,Big 10,
2011 Ohio St.,2011,Ohio St.,East,1,Sweet 16,2,Big 10,
2012 Ohio St.,2012,Ohio St.,East,2,Final Four,3,Big 10,
2013 Ohio St.,2013,Ohio St.,West,2,Elite Eight,2,Big 10,
2014 Ohio St.,2014,Ohio St.,South,6,First Round,1,Big 10,
2015 Ohio St.,2015,Ohio St.,West,10,Second Round,1,Big 10,
2018 Ohio St.,2018,Ohio St.,West,5,Second Round,1,Big 10,
2019 Ohio St.,2019,Ohio St.,Midwest,11,Second Round,1,Big 10,
2021 Ohio St.,2021,Ohio St.,South,2,First Round,1,Big 10,
2022 Ohio St.,2022,Ohio St.,South,7,Second Round,1,Big 10,
2008 Oklahoma,2008,Oklahoma,East,6,Second Round,1,Big 12,
2009 Oklahoma,2009,Oklahoma,South,2,Elite Eight,2,Big 12,
2013 Oklahoma,2013,Oklahoma,South,10,First Round,1,Big 12,
2014 Oklahoma,2014,Oklahoma,West,5,First Round,1,Big 12,
2015 Oklahoma,2015,Oklahoma,East,3,Sweet 16,2,Big 12,
2016 Oklahoma,2016,Oklahoma,West,2,Final Four,3,Big 12,
2018 Oklahoma,2018,Oklahoma,Midwest,10,First Round,1,Big 12,
2019 Oklahoma,2019,Oklahoma,South,9,Second Round,1,Big 12,
2021 Oklahoma,2021,Oklahoma,West,8,Second Round,1,Big 12,
2009 Oklahoma St.,2009,Oklahoma St.,East,8,Second Round,1,Big 12,
2010 Oklahoma St.,2010,Oklahoma St.,Midwest,7,First Round,1,Big 12,
2013 Oklahoma St.,2013,Oklahoma St.,Midwest,5,First Round,1,Big 12,
2014 Oklahoma St.,2014,Oklahoma St.,West,9,First Round,1,Big 12,
2015 Oklahoma St.,2015,Oklahoma St.,West,9,First Round,1,Big 12,
2017 Oklahoma St.,2017,Oklahoma St.,Midwest,10,First Round,1,Big 12,
2021 Oklahoma St.,2021,Oklahoma St.,Midwest,4,Second Round,1,Big 12,
2010 Old Dominion,2010,Old Dominion,South,11,Second Round,1,CAA,
2011 Old Dominion,2011,Old Dominion,Southeast,9,First Round,1,CAA,
2019 Old Dominion,2019,Old Dominion,South,14,First Round,1,CUSA,
2008 Oral Roberts,2008,Oral Roberts,South,13,First Round,1,Summit,
2021 Oral Roberts,2021,Oral Roberts,South,15,Sweet 16,2,Summit,
2023 Oral Roberts,2023,Oral Roberts,East,12,First Round,1,Summit,
2008 Oregon,2008,Oregon,South,9,First Round,1,Pac 12,
2013 Oregon,2013,Oregon,Midwest,12,Sweet 16,2,Pac 12,
2014 Oregon,2014,Oregon,West,7,Second Round,1,Pac 12,
2015 Oregon,2015,Oregon,West,8,Second Round,1,Pac 12,
2016 Oregon,2016,Oregon,West,1,Elite Eight,2,Pac 12,
2017 Oregon,2017,Oregon,Midwest,3,Final Four,3,Pac 12,
2019 Oregon,2019,Oregon,South,12,Sweet 16,2,Pac 12,
2021 Oregon,2021,Oregon,West,7,Sweet 16,2,Pac 12,
2016 Oregon St.,2016,Oregon St.,West,7,First Round,1,Pac 12,
2021 Oregon St.,2021,Oregon St.,Midwest,12,Elite Eight,2,Pac 12,
2013 Pacific,2013,Pacific,East,15,First Round,1,Big West,
2018 Penn,2018,Penn,Midwest,16,First Round,1,Ivy,
2011 Penn St.,2011,Penn St.,West,10,First Round,1,Big 10,
2023 Penn St.,2023,Penn St.,Midwest,10,Second Round,1,Big 10,
2008 Pittsburgh,2008,Pittsburgh,South,4,Second Round,1,Big East,
2009 Pittsburgh,2009,Pittsburgh,East,1,Elite Eight,2,Big East,
2010 Pittsburgh,2010,Pittsburgh,West,3,Second Round,1,Big East,
2011 Pittsburgh,2011,Pittsburgh,Southeast,1,Second Round,1,Big East,
2013 Pittsburgh,2013,Pittsburgh,West,8,First Round,1,Big East,
2014 Pittsburgh,2014,Pittsburgh,South,9,Second Round,1,ACC,
2016 Pittsburgh,2016,Pittsburgh,East,10,First Round,1,ACC,
2023 Pittsburgh,2023,Pittsburgh,Midwest,11,Second Round,1,ACC,
2008 Portland St.,2008,Portland St.,Midwest,16,First Round,1,Big Sky,
2009 Portland St.,2009,Portland St.,East,13,First Round,1,Big Sky,
2019 Prairie View A&M,2019,Prairie View A&M,West,16,First Round,1,SWAC,
2011 Princeton,2011,Princeton,East,13,First Round,1,Ivy,
2017 Princeton,2017,Princeton,West,12,First Round,1,Ivy,
2023 Princeton,2023,Princeton,South,15,First Round,1,Ivy,
2014 Providence,2014,Providence,East,11,First Round,1,Big East,
2015 Providence,2015,Providence,East,6,First Round,1,Big East,
2016 Providence,2016,Providence,East,9,Second Round,1,Big East,
2017 Providence,2017,Providence,East,11,First Round,1,Big East,
2018 Providence,2018,Providence,West,10,First Round,1,Big East,
2022 Providence,2022,Providence,Midwest,4,Sweet 16,2,Big East,
2023 Providence,2023,Providence,East,11,First Round,1,Big East,
2008 Purdue,2008,Purdue,West,6,Second Round,1,Big 10,
2009 Purdue,2009,Purdue,West,5,Sweet 16,2,Big 10,
2010 Purdue,2010,Purdue,South,4,Sweet 16,2,Big 10,
2011 Purdue,2011,Purdue,Southwest,3,Second Round,1,Big 10,
2012 Purdue,2012,Purdue,Midwest,10,Second Round,1,Big 10,
2015 Purdue,2015,Purdue,Midwest,9,First Round,1,Big 10,
2016 Purdue,2016,Purdue,Midwest,5,First Round,1,Big 10,
2017 Purdue,2017,Purdue,Midwest,4,Sweet 16,2,Big 10,
2018 Purdue,2018,Purdue,East,2,Sweet 16,2,Big 10,
2019 Purdue,2019,Purdue,South,3,Elite Eight,2,Big 10,
2021 Purdue,2021,Purdue,South,4,First Round,1,Big 10,
2022 Purdue,2022,Purdue,East,3,Sweet 16,2,Big 10,
2023 Purdue,2023,Purdue,East,1,First Round,1,Big 10,
2009 Radford,2009,Radford,South,16,First Round,1,OVC,
2018 Radford,2018,Radford,East,16,First Round,1,Big South,
2017 Rhode Island,2017,Rhode Island,Midwest,11,Second Round,1,A10,
2018 Rhode Island,2018,Rhode Island,Midwest,7,Second Round,1,A10,
2010 Richmond,2010,Richmond,South,7,First Round,1,A10,
2011 Richmond,2011,Richmond,Southwest,12,Sweet 16,2,A10,
2022 Richmond,2022,Richmond,Midwest,12,Second Round,1,A10,
2009 Robert Morris,2009,Robert Morris,Midwest,15,First Round,1,NEC,
2010 Robert Morris,2010,Robert Morris,South,15,First Round,1,NEC,
2015 Robert Morris,2015,Robert Morris,South,16,First Round,1,NEC,
2021 Rutgers,2021,Rutgers,Midwest,10,Second Round,1,Big 10,
2022 Rutgers,2022,Rutgers,West,11,First Round,1,Big 10,
2008 Saint Joseph's,2008,Saint Joseph's,East,11,First Round,1,A10,
2014 Saint Joseph's,2014,Saint Joseph's,East,10,First Round,1,A10,
2016 Saint Joseph's,2016,Saint Joseph's,West,8,Second Round,1,A10,
2012 Saint Louis,2012,Saint Louis,West,9,Second Round,1,A10,
2013 Saint Louis,2013,Saint Louis,Midwest,4,Second Round,1,A10,
2014 Saint Louis,2014,Saint Louis,Midwest,5,Second Round,1,A10,
2019 Saint Louis,2019,Saint Louis,East,13,First Round,1,A10,
2008 Saint Mary's,2008,Saint Mary's,South,10,First Round,1,WCC,
2010 Saint Mary's,2010,Saint Mary's,South,10,Sweet 16,2,WCC,
2012 Saint Mary's,2012,Saint Mary's,Midwest,7,First Round,1,WCC,
2013 Saint Mary's,2013,Saint Mary's,Midwest,11,First Round,1,WCC,
2017 Saint Mary's,2017,Saint Mary's,West,7,Second Round,1,WCC,
2019 Saint Mary's,2019,Saint Mary's,South,11,First Round,1,WCC,
2022 Saint Mary's,2022,Saint Mary's,East,5,Second Round,1,WCC,
2023 Saint Mary's,2023,Saint Mary's,West,5,Second Round,1,WCC,
2011 Saint Peter's,2011,Saint Peter's,Southwest,14,First Round,1,MAAC,
2022 Saint Peter's,2022,Saint Peter's,East,15,Elite Eight,2,MAAC,
2010 Sam Houston St.,2010,Sam Houston St.,South,14,First Round,1,Southland,
2008 San Diego,2008,San Diego,West,13,Second Round,1,WCC,
2010 San Diego St.,2010,San Diego St.,Midwest,11,First Round,1,MWC,
2011 San Diego St.,2011,San Diego St.,West,2,Sweet 16,2,MWC,
2012 San Diego St.,2012,San Diego St.,Midwest,6,First Round,1,MWC,
2013 San Diego St.,2013,San Diego St.,South,7,Second Round,1,MWC,
2014 San Diego St.,2014,San Diego St.,West,4,Sweet 16,2,MWC,
2015 San Diego St.,2015,San Diego St.,South,8,Second Round,1,MWC,
2018 San Diego St.,2018,San Diego St.,West,11,First Round,1,MWC,
2021 San Diego St.,2021,San Diego St.,Midwest,6,First Round,1,MWC,
2022 San Diego St.,2022,San Diego St.,Midwest,8,First Round,1,MWC,
2023 San Diego St.,2023,San Diego St.,South,5,Runner Up,3,MWC,
2022 San Francisco,2022,San Francisco,East,10,First Round,1,WCC,
2016 Seton Hall,2016,Seton Hall,Midwest,6,First Round,1,Big East,
2017 Seton Hall,2017,Seton Hall,South,9,First Round,1,Big East,
2018 Seton Hall,2018,Seton Hall,Midwest,8,Second Round,1,Big East,
2019 Seton Hall,2019,Seton Hall,Midwest,10,First Round,1,Big East,
2022 Seton Hall,2022,Seton Hall,South,8,First Round,1,Big East,
2008 Siena,2008,Siena,Midwest,13,Second Round,1,MAAC,
2009 Siena,2009,Siena,Midwest,9,Second Round,1,MAAC,
2010 Siena,2010,Siena,South,13,First Round,1,MAAC,
2015 SMU,2015,SMU,South,6,First Round,1,AAC,
2017 SMU,2017,SMU,East,6,First Round,1,AAC,
2008 South Alabama,2008,South Alabama,East,10,First Round,1,Sun Belt,
2017 South Carolina,2017,South Carolina,East,7,Final Four,3,SEC,
2012 South Dakota St.,2012,South Dakota St.,South,14,First Round,1,Summit,
2013 South Dakota St.,2013,South Dakota St.,South,13,First Round,1,Summit,
2016 South Dakota St.,2016,South Dakota St.,South,12,First Round,1,Summit,
2017 South Dakota St.,2017,South Dakota St.,West,16,First Round,1,Summit,
2018 South Dakota St.,2018,South Dakota St.,West,12,First Round,1,Summit,
2022 South Dakota St.,2022,South Dakota St.,Midwest,13,First Round,1,Summit,
2012 South Florida,2012,South Florida,Midwest,12,First Round,1,Big East,
2023 Southeast Missouri St.,2023,Southeast Missouri St.,South,16,First Round,1,OVC,
2013 Southern,2013,Southern,West,16,First Round,1,SWAC,
2016 Southern,2016,Southern,West,16,First Round,1,SWAC,
2012 Southern Miss,2012,Southern Miss,East,9,First Round,1,CUSA,
2012 St. Bonaventure,2012,St. Bonaventure,East,14,First Round,1,A10,
2018 St. Bonaventure,2018,St. Bonaventure,East,11,First Round,1,A10,
2021 St. Bonaventure,2021,St. Bonaventure,East,9,First Round,1,A10,
2011 St. John's,2011,St. John's,Southeast,6,First Round,1,Big East,
2015 St. John's,2015,St. John's,South,9,First Round,1,Big East,
2019 St. John's,2019,St. John's,West,11,First Round,1,Big East,
2008 Stanford,2008,Stanford,South,3,Sweet 16,2,Pac 12,
2014 Stanford,2014,Stanford,South,10,Sweet 16,2,Pac 12,
2009 Stephen F. Austin,2009,Stephen F. Austin,South,14,First Round,1,Southland,
2014 Stephen F. Austin,2014,Stephen F. Austin,South,12,Second Round,1,Southland,
2015 Stephen F. Austin,2015,Stephen F. Austin,South,12,First Round,1,Southland,
2016 Stephen F. Austin,2016,Stephen F. Austin,East,14,Second Round,1,Southland,
2018 Stephen F. Austin,2018,Stephen F. Austin,East,14,First Round,1,Southland,
2016 Stony Brook,2016,Stony Brook,East,13,First Round,1,America East,
2009 Syracuse,2009,Syracuse,South,3,Sweet 16,2,Big East,
2010 Syracuse,2010,Syracuse,West,1,Sweet 16,2,Big East,
2011 Syracuse,2011,Syracuse,East,3,Second Round,1,Big East,
2012 Syracuse,2012,Syracuse,East,1,Elite Eight,2,Big East,
2013 Syracuse,2013,Syracuse,East,4,Final Four,3,Big East,
2014 Syracuse,2014,Syracuse,South,3,Second Round,1,ACC,
2016 Syracuse,2016,Syracuse,Midwest,10,Final Four,3,ACC,
2018 Syracuse,2018,Syracuse,Midwest,11,Sweet 16,2,ACC,
2019 Syracuse,2019,Syracuse,West,8,First Round,1,ACC,
2021 Syracuse,2021,Syracuse,Midwest,11,Sweet 16,2,ACC,
2018 TCU,2018,TCU,Midwest,6,First Round,1,Big 12,
2022 TCU,2022,TCU,South,9,Second Round,1,Big 12,
2023 TCU,2023,TCU,West,6,Second Round,1,Big 12,
2008 Temple,2008,Temple,South,12,First Round,1,A10,
2009 Temple,2009,Temple,South,11,First Round,1,A10,
2010 Temple,2010,Temple,East,5,First Round,1,A10,
2011 Temple,2011,Temple,West,7,Second Round,1,A10,
2012 Temple,2012,Temple,Midwest,5,First Round,1,A10,
2013 Temple,2013,Temple,East,9,Second Round,1,A10,
2016 Temple,2016,Temple,South,10,First Round,1,AAC,
2019 Temple,2019,Temple,East,11,First Round,1,AAC,
2008 Tennessee,2008,Tennessee,East,2,Sweet 16,2,SEC,
2009 Tennessee,2009,Tennessee,East,9,First Round,1,SEC,
2010 Tennessee,2010,Tennessee,Midwest,6,Elite Eight,2,SEC,
2011 Tennessee,2011,Tennessee,West,9,First Round,1,SEC,
2014 Tennessee,2014,Tennessee,Midwest,11,Sweet 16,2,SEC,
2018 Tennessee,2018,Tennessee,South,3,Second Round,1,SEC,
2019 Tennessee,2019,Tennessee,South,2,Sweet 16,2,SEC,
2021 Tennessee,2021,Tennessee,Midwest,5,First Round,1,SEC,
2022 Tennessee,2022,Tennessee,South,3,Second Round,1,SEC,
2023 Tennessee,2023,Tennessee,East,4,Sweet 16,2,SEC,
2008 Texas,2008,Texas,South,2,Elite Eight,2,Big 12,
2009 Texas,2009,Texas,East,7,Second Round,1,Big 12,
2010 Texas,2010,Texas,East,8,First Round,1,Big 12,
2011 Texas,2011,Texas,West,4,Second Round,1,Big 12,
2012 Texas,2012,Texas,East,11,First Round,1,Big 12,
2014 Texas,2014,Texas,Midwest,7,Second Round,1,Big 12,
2015 Texas,2015,Texas,Midwest,11,First Round,1,Big 12,
2016 Texas,2016,Texas,West,6,First Round,1,Big 12,
2018 Texas,2018,Texas,South,10,First Round,1,Big 12,
2021 Texas,2021,Texas,East,3,First Round,1,Big 12,
2022 Texas,2022,Texas,East,6,Second Round,1,Big 12,
2023 Texas,2023,Texas,Midwest,2,Elite Eight,2,Big 12,
2008 Texas A&M,2008,Texas A&M,West,9,Second Round,1,Big 12,
2009 Texas A&M,2009,Texas A&M,West,9,First Round,1,Big 12,
2010 Texas A&M,2010,Texas A&M,South,5,Second Round,1,Big 12,
2011 Texas A&M,2011,Texas A&M,Southwest,7,First Round,1,Big 12,
2016 Texas A&M,2016,Texas A&M,West,3,Sweet 16,2,SEC,
2018 Texas A&M,2018,Texas A&M,West,7,Sweet 16,2,SEC,
2023 Texas A&M,2023,Texas A&M,Midwest,7,First Round,1,SEC,
2022 Texas A&M Corpus Chris,2022,Texas A&M Corpus Chris,Midwest,16,First Round,1,Southland,
2023 Texas A&M Corpus Chris,2023,Texas A&M Corpus Chris,South,16,First Round,1,Southland,
2014 Texas Southern,2014,Texas Southern,Midwest,16,First Round,1,SWAC,
2015 Texas Southern,2015,Texas Southern,West,15,First Round,1,SWAC,
2017 Texas Southern,2017,Texas Southern,South,16,First Round,1,SWAC,
2018 Texas Southern,2018,Texas Southern,West,16,First Round,1,SWAC,
2021 Texas Southern,2021,Texas Southern,East,16,First Round,1,SWAC,
2022 Texas Southern,2022,Texas Southern,Midwest,16,First Round,1,SWAC,
2023 Texas Southern,2023,Texas Southern,East,16,First Round,1,SWAC,
2016 Texas Tech,2016,Texas Tech,Midwest,8,First Round,1,Big 12,
2018 Texas Tech,2018,Texas Tech,East,3,Elite Eight,2,Big 12,
2019 Texas Tech,2019,Texas Tech,West,3,Runner Up,3,Big 12,
2021 Texas Tech,2021,Texas Tech,South,6,Second Round,1,Big 12,
2022 Texas Tech,2022,Texas Tech,West,3,Sweet 16,2,Big 12,
2017 Troy,2017,Troy,East,15,First Round,1,Sun Belt,
2014 Tulsa,2014,Tulsa,South,13,First Round,1,CUSA,
2016 Tulsa,2016,Tulsa,East,11,First Round,1,AAC,
2011 UAB,2011,UAB,East,12,First Round,1,CUSA,
2015 UAB,2015,UAB,South,14,Second Round,1,CUSA,
2022 UAB,2022,UAB,South,12,First Round,1,CUSA,
2017 UC Davis,2017,UC Davis,Midwest,16,First Round,1,Big West,
2015 UC Irvine,2015,UC Irvine,East,13,First Round,1,Big West,
2019 UC Irvine,2019,UC Irvine,South,13,Second Round,1,Big West,
2010 UC Santa Barbara,2010,UC Santa Barbara,Midwest,15,First Round,1,Big West,
2011 UC Santa Barbara,2011,UC Santa Barbara,Southeast,15,First Round,1,Big West,
2021 UC Santa Barbara,2021,UC Santa Barbara,West,12,First Round,1,Big West,
2023 UC Santa Barbara,2023,UC Santa Barbara,South,14,First Round,1,Big West,
2019 UCF,2019,UCF,East,9,Second Round,1,AAC,
2008 UCLA,2008,UCLA,West,1,Final Four,3,Pac 12,
2009 UCLA,2009,UCLA,East,6,Second Round,1,Pac 12,
2011 UCLA,2011,UCLA,Southeast,7,Second Round,1,Pac 12,
2013 UCLA,2013,UCLA,South,6,First Round,1,Pac 12,
2014 UCLA,2014,UCLA,South,4,Sweet 16,2,Pac 12,
2015 UCLA,2015,UCLA,South,11,Sweet 16,2,Pac 12,
2017 UCLA,2017,UCLA,South,3,Sweet 16,2,Pac 12,
2018 UCLA,2018,UCLA,East,11,First Round,1,Pac 12,
2021 UCLA,2021,UCLA,East,11,Final Four,3,Pac 12,
2022 UCLA,2022,UCLA,East,4,Sweet 16,2,Pac 12,
2023 UCLA,2023,UCLA,West,2,Sweet 16,2,Pac 12,
2008 UMBC,2008,UMBC,Midwest,15,First Round,1,America East,
2018 UMBC,2018,UMBC,South,16,Second Round,1,America East,
2011 UNC Asheville,2011,UNC Asheville,Southeast,16,First Round,1,Big South,
2012 UNC Asheville,2012,UNC Asheville,East,16,First Round,1,Big South,
2016 UNC Asheville,2016,UNC Asheville,South,15,First Round,1,Big South,
2023 UNC Asheville,2023,UNC Asheville,West,15,First Round,1,Big South,
2018 UNC Greensboro,2018,UNC Greensboro,West,13,First Round,1,Southern,
2021 UNC Greensboro,2021,UNC Greensboro,East,13,First Round,1,Southern,
2016 UNC Wilmington,2016,UNC Wilmington,West,13,First Round,1,CAA,
2017 UNC Wilmington,2017,UNC Wilmington,East,12,First Round,1,CAA,
2008 UNLV,2008,UNLV,Midwest,8,Second Round,1,MWC,
2010 UNLV,2010,UNLV,Midwest,8,First Round,1,MWC,
2011 UNLV,2011,UNLV,Southwest,8,First Round,1,MWC,
2012 UNLV,2012,UNLV,South,6,First Round,1,MWC,
2013 UNLV,2013,UNLV,East,5,First Round,1,MWC,
2008 USC,2008,USC,Midwest,6,First Round,1,Pac 12,
2009 USC,2009,USC,Midwest,10,Second Round,1,Pac 12,
2011 USC,2011,USC,Southwest,11,First Round,1,Pac 12,
2016 USC,2016,USC,East,8,First Round,1,Pac 12,
2017 USC,2017,USC,East,11,Second Round,1,Pac 12,
2021 USC,2021,USC,West,6,Elite Eight,2,Pac 12,
2022 USC,2022,USC,Midwest,7,First Round,1,Pac 12,
2023 USC,2023,USC,East,10,First Round,1,Pac 12,
2008 UT Arlington,2008,UT Arlington,South,16,First Round,1,Southland,
2009 Utah,2009,Utah,Midwest,5,First Round,1,MWC,
2015 Utah,2015,Utah,South,5,Sweet 16,2,Pac 12,
2016 Utah,2016,Utah,Midwest,3,Second Round,1,Pac 12,
2009 Utah St.,2009,Utah St.,West,11,First Round,1,WAC,
2010 Utah St.,2010,Utah St.,South,12,First Round,1,WAC,
2011 Utah St.,2011,Utah St.,Southeast,12,First Round,1,WAC,
2019 Utah St.,2019,Utah St.,Midwest,8,First Round,1,MWC,
2021 Utah St.,2021,Utah St.,South,11,First Round,1,MWC,
2023 Utah St.,2023,Utah St.,South,10,First Round,1,MWC,
2010 UTEP,2010,UTEP,West,12,First Round,1,CUSA,
2011 UTSA,2011,UTSA,East,16,First Round,1,Southland,
2013 Valparaiso,2013,Valparaiso,Midwest,14,First Round,1,Horizon,
2015 Valparaiso,2015,Valparaiso,Midwest,13,First Round,1,Horizon,
2008 Vanderbilt,2008,Vanderbilt,Midwest,4,First Round,1,SEC,
2010 Vanderbilt,2010,Vanderbilt,West,4,First Round,1,SEC,
2011 Vanderbilt,2011,Vanderbilt,Southwest,5,First Round,1,SEC,
2012 Vanderbilt,2012,Vanderbilt,East,5,Second Round,1,SEC,
2016 Vanderbilt,2016,Vanderbilt,South,11,First Round,1,SEC,
2017 Vanderbilt,2017,Vanderbilt,West,9,First Round,1,SEC,
2009 VCU,2009,VCU,East,11,First Round,1,CAA,
2011 VCU,2011,VCU,Southwest,11,Final Four,3,CAA,
2012 VCU,2012,VCU,South,12,Second Round,1,CAA,
2013 VCU,2013,VCU,South,5,Second Round,1,A10,
2014 VCU,2014,VCU,South,5,First Round,1,A10,
2015 VCU,2015,VCU,West,7,First Round,1,A10,
2016 VCU,2016,VCU,West,10,Second Round,1,A10,
2017 VCU,2017,VCU,West,10,First Round,1,A10,
2019 VCU,2019,VCU,East,8,First Round,1,A10,
2021 VCU,2021,VCU,West,10,First Round,1,A10,
2023 VCU,2023,VCU,West,12,First Round,1,A10,
2010 Vermont,2010,Vermont,West,16,First Round,1,America East,
2012 Vermont,2012,Vermont,Midwest,16,First Round,1,America East,
2017 Vermont,2017,Vermont,Midwest,13,First Round,1,America East,
2019 Vermont,2019,Vermont,West,13,First Round,1,America East,
2022 Vermont,2022,Vermont,West,13,First Round,1,America East,
2023 Vermont,2023,Vermont,East,15,First Round,1,America East,
2008 Villanova,2008,Villanova,Midwest,12,Sweet 16,2,Big East,
2009 Villanova,2009,Villanova,East,3,Final Four,3,Big East,
2010 Villanova,2010,Villanova,South,2,Second Round,1,Big East,
2011 Villanova,2011,Villanova,East,9,First Round,1,Big East,
2013 Villanova,2013,Villanova,South,9,First Round,1,Big East,
2014 Villanova,2014,Villanova,East,2,Second Round,1,Big East,
2015 Villanova,2015,Villanova,East,1,Second Round,1,Big East,
2016 Villanova,2016,Villanova,South,2,Champion,3,Big East,
2017 Villanova,2017,Villanova,East,1,Second Round,1,Big East,
2018 Villanova,2018,Villanova,East,1,Champion,3,Big East,
2019 Villanova,2019,Villanova,South,6,Second Round,1,Big East,
2021 Villanova,2021,Villanova,South,5,Sweet 16,2,Big East,
2022 Villanova,2022,Villanova,South,2,Final Four,3,Big East,
2012 Virginia,2012,Virginia,West,10,First Round,1,ACC,
2014 Virginia,2014,Virginia,East,1,Sweet 16,2,ACC,
2015 Virginia,2015,Virginia,East,2,Second Round,1,ACC,
2016 Virginia,2016,Virginia,Midwest,1,Elite Eight,2,ACC,
2017 Virginia,2017,Virginia,East,5,Second Round,1,ACC,
2018 Virginia,2018,Virginia,South,1,First Round,1,ACC,
2019 Virginia,2019,Virginia,South,1,Champion,3,ACC,
2021 Virginia,2021,Virginia,West,4,First Round,1,ACC,
2023 Virginia,2023,Virginia,South,4,First Round,1,ACC,
2017 Virginia Tech,2017,Virginia Tech,East,9,First Round,1,ACC,
2018 Virginia Tech,2018,Virginia Tech,East,8,First Round,1,ACC,
2019 Virginia Tech,2019,Virginia Tech,East,4,Sweet 16,2,ACC,
2021 Virginia Tech,2021,Virginia Tech,South,10,First Round,1,ACC,
2022 Virginia Tech,2022,Virginia Tech,East,11,First Round,1,ACC,
2009 Wake Forest,2009,Wake Forest,Midwest,4,First Round,1,ACC,
2010 Wake Forest,2010,Wake Forest,East,9,Second Round,1,ACC,
2017 Wake Forest,2017,Wake Forest,South,11,First Round,1,ACC,
2009 Washington,2009,Washington,West,4,Second Round,1,Pac 12,
2010 Washington,2010,Washington,East,11,Sweet 16,2,Pac 12,
2011 Washington,2011,Washington,East,7,Second Round,1,Pac 12,
2019 Washington,2019,Washington,Midwest,9,Second Round,1,Pac 12,
2008 Washington St.,2008,Washington St.,East,4,Sweet 16,2,Pac 12,
2014 Weber St.,2014,Weber St.,West,16,First Round,1,Big Sky,
2016 Weber St.,2016,Weber St.,East,15,First Round,1,Big Sky,
2008 West Virginia,2008,West Virginia,West,7,Sweet 16,2,Big East,
2009 West Virginia,2009,West Virginia,Midwest,6,First Round,1,Big East,
2010 West Virginia,2010,West Virginia,East,2,Final Four,3,Big East,
2011 West Virginia,2011,West Virginia,East,5,Second Round,1,Big East,
2012 West Virginia,2012,West Virginia,East,10,First Round,1,Big East,
2015 West Virginia,2015,West Virginia,Midwest,5,Sweet 16,2,Big 12,
2016 West Virginia,2016,West Virginia,East,3,First Round,1,Big 12,
2017 West Virginia,2017,West Virginia,West,4,Sweet 16,2,Big 12,
2018 West Virginia,2018,West Virginia,East,5,Sweet 16,2,Big 12,
2021 West Virginia,2021,West Virginia,Midwest,3,Second Round,1,Big 12,
2023 West Virginia,2023,West Virginia,South,9,First Round,1,Big 12,
2008 Western Kentucky,2008,Western Kentucky,West,12,Sweet 16,2,Sun Belt,
2009 Western Kentucky,2009,Western Kentucky,South,12,Second Round,1,Sun Belt,
2012 Western Kentucky,2012,Western Kentucky,South,16,First Round,1,Sun Belt,
2013 Western Kentucky,2013,Western Kentucky,South,16,First Round,1,Sun Belt,
2014 Western Michigan,2014,Western Michigan,South,14,First Round,1,MAC,
2012 Wichita St.,2012,Wichita St.,South,5,First Round,1,MVC,
2013 Wichita St.,2013,Wichita St.,West,9,Final Four,3,MVC,
2014 Wichita St.,2014,Wichita St.,Midwest,1,Second Round,1,MVC,
2015 Wichita St.,2015,Wichita St.,Midwest,7,Sweet 16,2,MVC,
2016 Wichita St.,2016,Wichita St.,South,11,Second Round,1,MVC,
2017 Wichita St.,2017,Wichita St.,South,10,Second Round,1,MVC,
2018 Wichita St.,2018,Wichita St.,East,4,First Round,1,AAC,
2021 Wichita St.,2021,Wichita St.,West,11,First Round,1,AAC,
2008 Winthrop,2008,Winthrop,East,13,First Round,1,Big South,
2010 Winthrop,2010,Winthrop,South,16,First Round,1,Big South,
2017 Winthrop,2017,Winthrop,South,13,First Round,1,Big South,
2021 Winthrop,2021,Winthrop,South,12,First Round,1,Big South,
2008 Wisconsin,2008,Wisconsin,Midwest,3,Sweet 16,2,Big 10,
2009 Wisconsin,2009,Wisconsin,East,12,Second Round,1,Big 10,
2010 Wisconsin,2010,Wisconsin,East,4,Second Round,1,Big 10,
2011 Wisconsin,2011,Wisconsin,Southeast,4,Sweet 16,2,Big 10,
2012 Wisconsin,2012,Wisconsin,East,4,Sweet 16,2,Big 10,
2013 Wisconsin,2013,Wisconsin,West,5,First Round,1,Big 10,
2014 Wisconsin,2014,Wisconsin,West,2,Final Four,3,Big 10,
2015 Wisconsin,2015,Wisconsin,West,1,Runner Up,3,Big 10,
2016 Wisconsin,2016,Wisconsin,East,7,Sweet 16,2,Big 10,
2017 Wisconsin,2017,Wisconsin,East,8,Sweet 16,2,Big Ten,
2019 Wisconsin,2019,Wisconsin,South,5,First Round,1,Big 10,
2021 Wisconsin,2021,Wisconsin,South,9,Second Round,1,Big 10,
2022 Wisconsin,2022,Wisconsin,Midwest,3,Second Round,1,Big 10,
2010 Wofford,2010,Wofford,East,13,First Round,1,Southern,
2011 Wofford,2011,Wofford,Southeast,14,First Round,1,Southern,
2014 Wofford,2014,Wofford,Midwest,15,First Round,1,Southern,
2015 Wofford,2015,Wofford,West,12,First Round,1,Southern,
2019 Wofford,2019,Wofford,Midwest,7,Second Round,1,Southern,
2018 Wright St.,2018,Wright St.,South,14,First Round,1,Horizon,
2022 Wright St.,2022,Wright St.,South,16,First Round,1,Horizon,
2015 Wyoming,2015,Wyoming,East,12,First Round,1,MWC,
2022 Wyoming,2022,Wyoming,East,12,First Round,1,MWC,
2008 Xavier,2008,Xavier,West,3,Elite Eight,2,A10,
2009 Xavier,2009,Xavier,East,4,Sweet 16,2,A10,
2010 Xavier,2010,Xavier,West,6,Sweet 16,2,A10,
2011 Xavier,2011,Xavier,East,6,First Round,1,A10,
2012 Xavier,2012,Xavier,South,10,Sweet 16,2,A10,
2014 Xavier,2014,Xavier,Midwest,12,First Round,1,Big East,
2015 Xavier,2015,Xavier,West,6,Sweet 16,2,Big East,
2016 Xavier,2016,Xavier,East,2,Second Round,1,Big East,
2017 Xavier,2017,Xavier,West,11,Elite Eight,2,Big East,
2018 Xavier,2018,Xavier,West,1,Second Round,1,Big East,
2023 Xavier,2023,Xavier,Midwest,3,Sweet 16,2,Big East,
2016 Yale,2016,Yale,West,12,Second Round,1,Ivy,
2019 Yale,2019,Yale,East,14,First Round,1,Ivy,
2022 Yale,2022,Yale,East,14,First Round,1,Ivy,